address,size,span_end,current_name,proposed_name,module,status,match_percent,calling_convention,signature,is_thunk,source_file,evidence,owner,notes
0x00401000,522,0x00401209,FUN_00401000,dxball_open_mds,midi,semantic,0.00,cdecl,See src/midi.h,false,src/midi.c,docs/MIDI_OWNER.md; ev_b065fc674d2df0514ae7b30b49b895ceb361f5ec770b3c4e0ec21eb8512ef3ed,midi,"497 owned bytes in 522-byte span; See docs/MIDI_OWNER.md; bounded nonnegative counts/capacities, mapped backing, aligned growing host headers, no arithmetic/allocation overflow, wrapper malloc success, original64 import-size contract; Kernel32/WinMM and wrapper allocation boundaries; real asynchronous driver delivery pending"
0x00401210,868,0x00401573,FUN_00401210,dxball_parse_mds,midi,semantic,0.00,cdecl,See src/midi.h,false,src/midi.c,docs/MIDI_OWNER.md; ev_77dddb1d53c6bab6fa3f14d7c99306f681a2924a232ea0cb30d347ac7180e7a9,midi,"828 owned bytes in 868-byte span; See docs/MIDI_OWNER.md; bounded nonnegative counts/capacities, mapped backing, aligned growing host headers, no arithmetic/allocation overflow, wrapper malloc success, original64 import-size contract; Kernel32/WinMM and wrapper allocation boundaries; real asynchronous driver delivery pending"
0x00401580,343,0x004016D6,FUN_00401580,dxball_expand_mds_events,midi,semantic,0.00,cdecl,See src/midi.h,false,src/midi.c,docs/MIDI_OWNER.md; ev_0e7f8948f3c0f268ac5c6331fff206ed9abcb368225c4fc744fb40d8a8b979cf,midi,"343 owned bytes in 343-byte span; See docs/MIDI_OWNER.md; bounded nonnegative counts/capacities, mapped backing, aligned growing host headers, no arithmetic/allocation overflow, wrapper malloc success, original64 import-size contract; Kernel32/WinMM and wrapper allocation boundaries; real asynchronous driver delivery pending"
0x004016E0,149,0x00401774,FUN_004016e0,dxball_release_mds,midi,semantic,0.00,cdecl,See src/midi.h,false,src/midi.c,docs/MIDI_OWNER.md; ev_f57dc5564b0c8e08a95e0c6130497dc7d7a41e7067182e7fef3cbe1e7ef839c5,midi,"149 owned bytes in 149-byte span; See docs/MIDI_OWNER.md; bounded nonnegative counts/capacities, mapped backing, aligned growing host headers, no arithmetic/allocation overflow, wrapper malloc success, original64 import-size contract; Kernel32/WinMM and wrapper allocation boundaries; real asynchronous driver delivery pending"
0x00401780,513,0x00401980,FUN_00401780,dxball_play_mds,midi,semantic,0.00,cdecl,See src/midi.h,false,src/midi.c,docs/MIDI_OWNER.md; ev_731ffd0b77a82869a867a736b02d245cc55b41b97dfc1974dee55fe3f83d27a4,midi,"493 owned bytes in 513-byte span; See docs/MIDI_OWNER.md; bounded nonnegative counts/capacities, mapped backing, aligned growing host headers, no arithmetic/allocation overflow, wrapper malloc success, original64 import-size contract; Kernel32/WinMM and wrapper allocation boundaries; real asynchronous driver delivery pending"
0x00401990,133,0x00401A14,FUN_00401990,dxball_pause_mds,midi,semantic,0.00,cdecl,See src/midi.h,false,src/midi.c,docs/MIDI_OWNER.md; ev_5aa9fc414d361f9b0c90d03cf2eddc3f917cab539e0cf69ab6a04d7fc29e871a,midi,"133 owned bytes in 133-byte span; See docs/MIDI_OWNER.md; bounded nonnegative counts/capacities, mapped backing, aligned growing host headers, no arithmetic/allocation overflow, wrapper malloc success, original64 import-size contract; Kernel32/WinMM and wrapper allocation boundaries; real asynchronous driver delivery pending"
0x00401A20,225,0x00401B00,FUN_00401a20,dxball_stop_mds,midi,semantic,0.00,cdecl,See src/midi.h,false,src/midi.c,docs/MIDI_OWNER.md; ev_c16f07a25664c6b672390f14698cb3e71c3df902266c28f23d2e1b122f50b1ab,midi,"225 owned bytes in 225-byte span; See docs/MIDI_OWNER.md; bounded nonnegative counts/capacities, mapped backing, aligned growing host headers, no arithmetic/allocation overflow, wrapper malloc success, original64 import-size contract; Kernel32/WinMM and wrapper allocation boundaries; real asynchronous driver delivery pending"
0x00401B10,127,0x00401B8E,FUN_00401b10,dxball_midi_callback,midi,semantic,0.00,stdcall,See src/midi.h,false,src/midi.c,docs/MIDI_OWNER.md; ev_b6d7ad536b3a34effbc5d45b98de2b6431f5e966064bdca80b546b357a3fe9ba,midi,"127 owned bytes in 127-byte span; See docs/MIDI_OWNER.md; bounded nonnegative counts/capacities, mapped backing, aligned growing host headers, no arithmetic/allocation overflow, wrapper malloc success, original64 import-size contract; Kernel32/WinMM and wrapper allocation boundaries; real asynchronous driver delivery pending"
0x00401B90,249,0x00401C88,FUN_00401b90,dxball_load_music,midi,semantic,0.00,cdecl,See src/midi.h,false,src/midi.c,docs/MIDI_OWNER.md; ev_4ebf4ef2dff1e4a680cc4b6a29428da728cf13e9170119b7005f33cafaa6f0ee,midi,"249 owned bytes in 249-byte span; See docs/MIDI_OWNER.md; bounded nonnegative counts/capacities, mapped backing, aligned growing host headers, no arithmetic/allocation overflow, wrapper malloc success, original64 import-size contract; Kernel32/WinMM and wrapper allocation boundaries; real asynchronous driver delivery pending"
0x00401C90,77,0x00401CDC,FUN_00401c90,dxball_resume_music,midi,semantic,0.00,cdecl,See src/midi.h,false,src/midi.c,docs/MIDI_OWNER.md; ev_ead155bb522a0775dd31c15dfc1bd7b6d53c381afe009ded310d87844d38a08c,midi,"77 owned bytes in 77-byte span; See docs/MIDI_OWNER.md; bounded nonnegative counts/capacities, mapped backing, aligned growing host headers, no arithmetic/allocation overflow, wrapper malloc success, original64 import-size contract; Kernel32/WinMM and wrapper allocation boundaries; real asynchronous driver delivery pending"
0x00401CE0,75,0x00401D2A,FUN_00401ce0,dxball_pause_music,midi,semantic,0.00,cdecl,See src/midi.h,false,src/midi.c,docs/MIDI_OWNER.md; ev_aa6fbad0061313afd3af030415fd8f96f4cff4b166cc604fcf463b5ec13eb47c,midi,"75 owned bytes in 75-byte span; See docs/MIDI_OWNER.md; bounded nonnegative counts/capacities, mapped backing, aligned growing host headers, no arithmetic/allocation overflow, wrapper malloc success, original64 import-size contract; Kernel32/WinMM and wrapper allocation boundaries; real asynchronous driver delivery pending"
0x00401D30,106,0x00401D99,FUN_00401d30,dxball_restart_music,midi,semantic,0.00,cdecl,See src/midi.h,false,src/midi.c,docs/MIDI_OWNER.md; ev_39f91496229ef7fc03f698838983d3e51ab2fc24f35ad2babe9606ebab9814f0,midi,"106 owned bytes in 106-byte span; See docs/MIDI_OWNER.md; bounded nonnegative counts/capacities, mapped backing, aligned growing host headers, no arithmetic/allocation overflow, wrapper malloc success, original64 import-size contract; Kernel32/WinMM and wrapper allocation boundaries; real asynchronous driver delivery pending"
0x00401DA0,105,0x00401E08,FUN_00401da0,dxball_close_music,midi,semantic,0.00,cdecl,See src/midi.h,false,src/midi.c,docs/MIDI_OWNER.md; ev_b4bb1ebcf4f76cda81d97d5a75bc251b707fe70c37dd773d8d78e3b693e5f493,midi,"105 owned bytes in 105-byte span; See docs/MIDI_OWNER.md; bounded nonnegative counts/capacities, mapped backing, aligned growing host headers, no arithmetic/allocation overflow, wrapper malloc success, original64 import-size contract; Kernel32/WinMM and wrapper allocation boundaries; real asynchronous driver delivery pending"
0x00401E10,147,0x00401EA2,FUN_00401e10,dxball_initialize_hit_regions,editor,semantic,0.00,cdecl,See src/editor.h,false,src/editor.c,docs/EDITOR_OWNER.md; ev_2797cbe8ffc3201146f6835ba0855cabeb3ccbad0d73961cce83fdc2f7c997aa,editor,"147 owned bytes in 147-byte span; See docs/EDITOR_OWNER.md; bounded hit/board storage and arithmetic, mapped tiles, independent actual-host-stdio versus controlled-original-CRT files, ordered rendering, explicit resource/audio/Windows/driver boundaries"
0x00401EB0,97,0x00401F10,FUN_00401eb0,dxball_set_hit_region,editor,semantic,0.00,cdecl,See src/editor.h,false,src/editor.c,docs/EDITOR_OWNER.md; ev_5eaf4df89184d5cd2372ce07008f453d3320f40a61205fdbfa5c79538fe2b180,editor,"97 owned bytes in 97-byte span; See docs/EDITOR_OWNER.md; bounded hit/board storage and arithmetic, mapped tiles, independent actual-host-stdio versus controlled-original-CRT files, ordered rendering, explicit resource/audio/Windows/driver boundaries"
0x00401F20,101,0x00401F84,FUN_00401f20,,,unclassified,0.00,,,false,,Ghidra 12.1.3 auto-analysis candidate; boundary unreviewed,,
0x00401F90,173,0x0040203C,FUN_00401f90,dxball_find_hit_region,editor,semantic,0.00,cdecl,See src/editor.h,false,src/editor.c,docs/EDITOR_OWNER.md; ev_a59b234e495b19e155577097063cb2985bb4c4d5ac3e6741d0b331fd292453dd,editor,"173 owned bytes in 173-byte span; See docs/EDITOR_OWNER.md; bounded hit/board storage and arithmetic, mapped tiles, independent actual-host-stdio versus controlled-original-CRT files, ordered rendering, explicit resource/audio/Windows/driver boundaries"
0x00402040,153,0x004020D8,FUN_00402040,,,unclassified,0.00,,,false,,Ghidra 12.1.3 auto-analysis candidate; boundary unreviewed,,
0x004020E0,26,0x004020F9,FUN_004020e0,,,unclassified,0.00,,,false,,Ghidra 12.1.3 auto-analysis candidate; boundary unreviewed,,
0x00402100,329,0x00402248,FUN_00402100,dxball_rectangles_overlap,geometry,semantic,0.00,cdecl,See src/geometry.h,false,src/geometry.c,docs/POWERUPS_OWNER.md; ev_38098a89555f0662ce749fc26b6fe5b78bea2da42431812abbdbf888c320c2cd,geometry,319 owned bytes in 329-byte span; See docs/POWERUPS_OWNER.md; bounded arithmetic and declared controlled dependencies
0x00402250,232,0x00402337,FUN_00402250,dxball_initialize_trig,trig,semantic,0.00,cdecl,See src/trig.h,false,src/trig.c,docs/POWERUPS_OWNER.md; ev_be4c847d5647acb8d0ff686d8f938d149e4fd0968604c98669ff41f847fb20c5,trig,232 owned bytes in 232-byte span; See docs/POWERUPS_OWNER.md; bounded arithmetic and declared controlled dependencies
0x00402340,84,0x00402393,FUN_00402340,dxball_raw_sine,intro,semantic,0.00,cdecl,See src/intro.h,false,src/intro.c,docs/INTRO_OWNER.md; ev_f54833f6bdefa3ac2f65eb81ed53cd5e9722d4155caeae6d947f02db2c6242d1,intro,"84 owned bytes in 84-byte span; See docs/INTRO_OWNER.md; valid terminating storage/arithmetic domains, controlled pixels and selected COM fields, explicit resource/audio/driver/editor boundaries"
0x004023A0,84,0x004023F3,FUN_004023a0,dxball_raw_cosine,intro,semantic,0.00,cdecl,See src/intro.h,false,src/intro.c,docs/INTRO_OWNER.md; ev_dfb4bd59f79a192687135c6244bb42f195fa6e89d307f8146a685f02ac44b3fe,intro,"84 owned bytes in 84-byte span; See docs/INTRO_OWNER.md; valid terminating storage/arithmetic domains, controlled pixels and selected COM fields, explicit resource/audio/driver/editor boundaries"
0x00402400,130,0x00402481,FUN_00402400,dxball_sine,trig,semantic,0.00,cdecl,See src/trig.h,false,src/trig.c,docs/POWERUPS_OWNER.md; ev_844ec55c396bf6f53e88092f8514d492707cf2625133ae9ea2e38d42c948cf50,trig,130 owned bytes in 130-byte span; See docs/POWERUPS_OWNER.md; bounded arithmetic and declared controlled dependencies
0x00402490,130,0x00402511,FUN_00402490,dxball_cosine,trig,semantic,0.00,cdecl,See src/trig.h,false,src/trig.c,docs/POWERUPS_OWNER.md; ev_34e8f2372ac37a7c69a602c5366b18f1cc8cd0873e9dbd3a51a4999d0e6f92bd,trig,130 owned bytes in 130-byte span; See docs/POWERUPS_OWNER.md; bounded arithmetic and declared controlled dependencies
0x00402520,50,0x00402551,FUN_00402520,dxball_wave_x,intro,semantic,0.00,cdecl,See src/intro.h,false,src/intro.c,docs/INTRO_OWNER.md; ev_916def4083f9636ec2455ade5918e3a2ad718cbfb806f38e649d086280c1a1b1,intro,"50 owned bytes in 50-byte span; See docs/INTRO_OWNER.md; valid terminating storage/arithmetic domains, controlled pixels and selected COM fields, explicit resource/audio/driver/editor boundaries"
0x00402560,50,0x00402591,FUN_00402560,dxball_wave_y,intro,semantic,0.00,cdecl,See src/intro.h,false,src/intro.c,docs/INTRO_OWNER.md; ev_1b08c598ad977d80959318e20842816faa305f5345f823cf80b5cba35d227c00,intro,"50 owned bytes in 50-byte span; See docs/INTRO_OWNER.md; valid terminating storage/arithmetic domains, controlled pixels and selected COM fields, explicit resource/audio/driver/editor boundaries"
0x004025A0,109,0x0040260C,FUN_004025a0,,,unclassified,0.00,,,false,,Ghidra 12.1.3 auto-analysis candidate; boundary unreviewed,,
0x00402610,130,0x00402691,FUN_00402610,,,unclassified,0.00,,,false,,Ghidra 12.1.3 auto-analysis candidate; boundary unreviewed,,
0x004026A0,1572,0x00402CC3,FUN_004026a0,,,unclassified,0.00,,,false,,Ghidra 12.1.3 auto-analysis candidate; boundary unreviewed,,
0x00402CD0,259,0x00402DD2,FUN_00402cd0,,,unclassified,0.00,,,false,,Ghidra 12.1.3 auto-analysis candidate; boundary unreviewed,,
0x00402DE0,191,0x00402E9E,FUN_00402de0,,,unclassified,0.00,,,false,,Ghidra 12.1.3 auto-analysis candidate; boundary unreviewed,,
0x00402EA0,259,0x00402FA2,FUN_00402ea0,,,unclassified,0.00,,,false,,Ghidra 12.1.3 auto-analysis candidate; boundary unreviewed,,
0x00402FB0,191,0x0040306E,FUN_00402fb0,,,unclassified,0.00,,,false,,Ghidra 12.1.3 auto-analysis candidate; boundary unreviewed,,
0x00403070,445,0x0040322C,FUN_00403070,dxball_draw_line,ui,semantic,0.00,cdecl,See src/ui.h,false,src/ui.c,docs/STARTUP_UI_OWNER.md; ev_25f8571b40b1ee8c589f398fa1211552c03d241352d0737d904789e2664b8af2,ui,"445 owned bytes in 445-byte span; See docs/STARTUP_UI_OWNER.md; valid defined storage/arithmetic domains, selected COM outputs, explicit CRT RNG/file and driver/non-game boundaries"
0x00403230,85,0x00403284,FUN_00403230,dxball_fill_rect,ui,semantic,0.00,cdecl,See src/ui.h,false,src/ui.c,docs/STARTUP_UI_OWNER.md; ev_b99b4211419ba41390b72f70b56be67edc16632cfcad034c0a02edccf4b57629,ui,"85 owned bytes in 85-byte span; See docs/STARTUP_UI_OWNER.md; valid defined storage/arithmetic domains, selected COM outputs, explicit CRT RNG/file and driver/non-game boundaries"
0x00403290,143,0x0040331E,FUN_00403290,,,unclassified,0.00,,,false,,Ghidra 12.1.3 auto-analysis candidate; boundary unreviewed,,
0x00403320,304,0x0040344F,FUN_00403320,dxball_load_binary_file,sound,semantic,0.00,cdecl,See src/sound.h,false,src/sound.c,docs/SOUND_OWNER.md; ev_a52bb0030eab7563b8a83f854ffdd76af7e5b0382cd75bda896a04c3efed70a0,sound,"304 owned bytes in 304-byte span; See docs/SOUND_OWNER.md; slots0..49, names<=19 chars, bounded mapped RIFF/no pointer or size overflow, usable fmt-before-data for loading, API-defined outputs; imports/COM/CRT allocation/exit boundaries, tombstone-only failure observation, real physical audio pending"
0x00403450,148,0x004034E3,FUN_00403450,dxball_current_time,runtime,semantic,0.00,cdecl,See src/runtime.h,false,src/runtime.c,docs/RUNTIME_OWNER.md; ev_d16dbb80ace85b76e9671a6ab40608772eacc9c59210806b5387e23802de2114,runtime,128 owned bytes in 148-byte span; See docs/RUNTIME_OWNER.md; bounded valid state and explicit configured resource/backend/non-game-mode boundaries
0x004034F0,81,0x00403540,FUN_004034f0,dxball_elapsed,runtime,semantic,0.00,cdecl,See src/runtime.h,false,src/runtime.c,docs/RUNTIME_OWNER.md; ev_dc428fd862c9ce4132ee472c5865486bb43a7deef839266da3a08d839717038f,runtime,76 owned bytes in 81-byte span; See docs/RUNTIME_OWNER.md; bounded valid state and explicit configured resource/backend/non-game-mode boundaries
0x00403550,83,0x004035A2,FUN_00403550,dxball_detect_clock,platform,semantic,0.00,cdecl,See src/platform.h,false,src/platform.c,docs/PLATFORM_OWNER.md; ev_dc0dafecc27f037b35f96d78484d3582f5e70e4666096d803238dfccb02c6c96,platform,"83 owned bytes in 83-byte span; See docs/PLATFORM_OWNER.md; defined API output fields, valid terminating input/device states and explicit Windows/COM/audio/non-game/glyph/resource boundaries"
0x004035B0,134,0x00403635,FUN_004035b0,dxball_synchronize_surface,device,semantic,0.00,cdecl,See src/device.h,false,src/device.c,docs/DEVICE_OWNER.md; ev_7528b8fd339fe77e2bd500279969b4c0f36946e98a3556d3f30044c87289bb30,device,"134 owned bytes in 134-byte span; See docs/DEVICE_OWNER.md; bounded terminating palette domain, valid bank/surface state and explicit configured COM/reload/glyph/audio/platform boundaries"
0x00403640,97,0x004036A0,FUN_00403640,dxball_recover_surfaces,device,semantic,0.00,cdecl,See src/device.h,false,src/device.c,docs/DEVICE_OWNER.md; ev_38016d73060dc54237eaa650b38484472bf814f4c1eee8d11110beaecbc771de,device,"97 owned bytes in 97-byte span; See docs/DEVICE_OWNER.md; bounded terminating palette domain, valid bank/surface state and explicit configured COM/reload/glyph/audio/platform boundaries"
0x004036B0,127,0x0040372E,FUN_004036b0,dxball_redraw_mode,runtime,semantic,0.00,cdecl,See src/runtime.h,false,src/runtime.c,docs/RUNTIME_OWNER.md; ev_8771ae59b5d8c734a29634ce18f163f6247a0da754feadafe4cd8c76c008538d,runtime,102 owned bytes in 127-byte span; See docs/RUNTIME_OWNER.md; bounded valid state and explicit configured resource/backend/non-game-mode boundaries
0x00403730,228,0x00403813,FUN_00403730,dxball_dispatch_frame,runtime,semantic,0.00,cdecl,See src/runtime.h,false,src/runtime.c,docs/RUNTIME_OWNER.md; ev_fe891f4e2c0b787941b66990f074b6e3ad5575dc3b2080a68641c8f9629b6363,runtime,203 owned bytes in 228-byte span; See docs/RUNTIME_OWNER.md; bounded valid state and explicit configured resource/backend/non-game-mode boundaries
0x00403820,162,0x004038C1,FUN_00403820,dxball_dispatch_key,platform,semantic,0.00,cdecl,See src/platform.h,false,src/platform.c,docs/PLATFORM_OWNER.md; ev_ac5f83bb902255b7f7e010c66c9f6f8ddd53fe3dc3d95f96621ab1c202bf4f39,platform,"137 owned bytes in 162-byte span; See docs/PLATFORM_OWNER.md; defined API output fields, valid terminating input/device states and explicit Windows/COM/audio/non-game/glyph/resource boundaries"
0x004038D0,127,0x0040394E,FUN_004038d0,dxball_initialize_mode,runtime,semantic,0.00,cdecl,See src/runtime.h,false,src/runtime.c,docs/RUNTIME_OWNER.md; ev_ddf811bf45fa69ec6ed95204fd1225d97a5588d2ee943b2763d9afbbb4106742,runtime,102 owned bytes in 127-byte span; See docs/RUNTIME_OWNER.md; bounded valid state and explicit configured resource/backend/non-game-mode boundaries
0x00403950,162,0x004039F1,FUN_00403950,dxball_cleanup_mode,runtime,semantic,0.00,cdecl,See src/runtime.h,false,src/runtime.c,docs/RUNTIME_OWNER.md; ev_edf31fdc7ce974415c981438767f173e4b3666134e6650ef7e7b08a5e8c2cb91,runtime,137 owned bytes in 162-byte span; See docs/RUNTIME_OWNER.md; bounded valid state and explicit configured resource/backend/non-game-mode boundaries
0x00403A00,359,0x00403B66,FUN_00403a00,dxball_initialize_device_state,startup,semantic,0.00,cdecl,See src/startup.h,false,src/startup.c,docs/STARTUP_UI_OWNER.md; ev_8681cf5b5b27dd9358b476476e4b5b63d76ccbb091fc483c58c3cea670a6e1db,startup,"359 owned bytes in 359-byte span; See docs/STARTUP_UI_OWNER.md; valid defined storage/arithmetic domains, selected COM outputs, explicit CRT RNG/file and driver/non-game boundaries"
0x00403B70,31,0x00403B8E,FUN_00403b70,dxball_random_range,startup,semantic,0.00,cdecl,See src/startup.h,false,src/startup.c,docs/STARTUP_UI_OWNER.md; ev_dcaab4c60684caf5c24767829432c46b7d7fc94f93fbcd7d15813b604710e8f1,startup,"31 owned bytes in 31-byte span; See docs/STARTUP_UI_OWNER.md; valid defined storage/arithmetic domains, selected COM outputs, explicit CRT RNG/file and driver/non-game boundaries"
0x00403B90,49,0x00403BC0,FUN_00403b90,dxball_seed_random,startup,semantic,0.00,cdecl,See src/startup.h,false,src/startup.c,docs/STARTUP_UI_OWNER.md; ev_17cf72657ba0a29ec43b5716ed09347c3645e4eaa4374f80256a5eb7b58296f6,startup,"49 owned bytes in 49-byte span; See docs/STARTUP_UI_OWNER.md; valid defined storage/arithmetic domains, selected COM outputs, explicit CRT RNG/file and driver/non-game boundaries"
0x00403BD0,80,0x00403C1F,FUN_00403bd0,dxball_dispose_working_surface,platform,semantic,0.00,cdecl,See src/platform.h,false,src/platform.c,docs/PLATFORM_OWNER.md; ev_165c97de81ef73fd69541c691fb8e54c52dab143890299a2cb392e597a303df5,platform,"80 owned bytes in 80-byte span; See docs/PLATFORM_OWNER.md; defined API output fields, valid terminating input/device states and explicit Windows/COM/audio/non-game/glyph/resource boundaries"
0x00403C20,131,0x00403CA2,FUN_00403c20,dxball_initialize_sprite_banks,platform,semantic,0.00,cdecl,See src/platform.h,false,src/platform.c,docs/PLATFORM_OWNER.md; ev_ac7fa0e07bc68efa267f3caf8637f4a6912b4f5ba66ae42249ffbff5e5b53672,platform,"131 owned bytes in 131-byte span; See docs/PLATFORM_OWNER.md; defined API output fields, valid terminating input/device states and explicit Windows/COM/audio/non-game/glyph/resource boundaries"
0x00403CB0,125,0x00403D2C,FUN_00403cb0,dxball_release_sprite_banks,startup,semantic,0.00,cdecl,See src/startup.h,false,src/startup.c,docs/STARTUP_UI_OWNER.md; ev_446beb8f1f3a4a6caef3507317a6cc511c2d3afc8ebaf75fecd4cfa3ff164d8e,startup,"125 owned bytes in 125-byte span; See docs/STARTUP_UI_OWNER.md; valid defined storage/arithmetic domains, selected COM outputs, explicit CRT RNG/file and driver/non-game boundaries"
0x00403D30,282,0x00403E49,FUN_00403d30,dxball_restore_sprite_banks,device,semantic,0.00,cdecl,See src/device.h,false,src/device.c,docs/DEVICE_OWNER.md; ev_6086488847b0abeff3f7ed6af657fd76f1d18d085752c4ae7c38ff49c74b9d94,device,"282 owned bytes in 282-byte span; See docs/DEVICE_OWNER.md; bounded terminating palette domain, valid bank/surface state and explicit configured COM/reload/glyph/audio/platform boundaries"
0x00403E50,24,0x00403E67,FUN_00403e50,dxball_select_surface,boards,exact,100.00,__cdecl,,false,src/boards.c,docs/KNOWLEDGE_BASE.md; target x86 differential oracle,boards,all 32-bit handles; complete extent and relocations reviewed; canonical cold VC4.0 replay
0x00403E70,24,0x00403E87,FUN_00403e70,dxball_select_sprite_bank,resources,exact,100.00,__cdecl,,false,src/resources.c,docs/RESOURCE_OWNER.md; unmodified target differential execution,resources,Scoped initialized state and dependency API effects; hardware DirectDraw not proven; complete COMDAT cold VC4.0 replay
0x00403E90,24,0x00403EA7,FUN_00403e90,dxball_select_font_bank,resources,exact,100.00,__cdecl,,false,src/resources.c,docs/RESOURCE_OWNER.md; unmodified target differential execution,resources,Scoped initialized state and dependency API effects; hardware DirectDraw not proven; complete COMDAT cold VC4.0 replay
0x00403EB0,178,0x00403F61,FUN_00403eb0,,,unclassified,0.00,,,false,,Ghidra 12.1.3 auto-analysis candidate; boundary unreviewed,,
0x00403F70,195,0x00404032,FUN_00403f70,dxball_blt_keyed_sprite,resources,exact,100.00,__cdecl,,false,src/resources.c,docs/RESOURCE_OWNER.md; unmodified target differential execution,resources,Scoped initialized state and dependency API effects; hardware DirectDraw not proven; complete COMDAT cold VC4.0 replay
0x00404040,105,0x004040A8,FUN_00404040,dxball_draw_keyed_sprite,resources,exact,100.00,__cdecl,,false,src/resources.c,docs/RESOURCE_OWNER.md; unmodified target differential execution,resources,Scoped initialized state and dependency API effects; hardware DirectDraw not proven; complete COMDAT cold VC4.0 replay
0x004040B0,195,0x00404172,FUN_004040b0,dxball_blt_sprite,resources,semantic,0.00,__cdecl,,false,src/resources.c,docs/RESOURCE_OWNER.md; unmodified target differential execution,resources,Scoped initialized state and dependency API effects; hardware DirectDraw not proven; complete COMDAT cold VC4.0 replay
0x00404180,105,0x004041E8,FUN_00404180,dxball_draw_sprite,resources,exact,100.00,__cdecl,,false,src/resources.c,docs/RESOURCE_OWNER.md; unmodified target differential execution,resources,Scoped initialized state and dependency API effects; hardware DirectDraw not proven; complete COMDAT cold VC4.0 replay
0x004041F0,139,0x0040427A,FUN_004041f0,dxball_stretch_keyed_sprite,resources,exact,100.00,__cdecl,,false,src/resources.c,docs/RESOURCE_OWNER.md; unmodified target differential execution,resources,Scoped initialized state and dependency API effects; hardware DirectDraw not proven; complete COMDAT cold VC4.0 replay
0x00404280,40,0x004042A7,FUN_00404280,,,unclassified,0.00,,,false,,Ghidra 12.1.3 auto-analysis candidate; boundary unreviewed,,
0x004042B0,852,0x00404603,FUN_004042b0,dxball_capture_sprite,resources,semantic,0.00,__cdecl,,false,src/resources.c,docs/RESOURCE_OWNER.md; unmodified target differential execution,resources,Scoped initialized state and dependency API effects; hardware DirectDraw not proven
0x00404610,1475,0x00404BD2,FUN_00404610,dxball_load_sprite_bank,resources,semantic,0.00,__cdecl,,false,src/resources.c,docs/RESOURCE_OWNER.md; unmodified target differential execution,resources,Scoped initialized state and dependency API effects; hardware DirectDraw not proven
0x00404BE0,262,0x00404CE5,FUN_00404be0,dxball_release_sprite,resources,semantic,0.00,__cdecl,,false,src/resources.c,docs/RESOURCE_OWNER.md; unmodified target differential execution,resources,Scoped initialized state and dependency API effects; hardware DirectDraw not proven
0x00404CF0,328,0x00404E37,FUN_00404cf0,dxball_draw_glyph,resources,semantic,0.00,__cdecl,,false,src/resources.c,docs/RESOURCE_OWNER.md; unmodified target differential execution,resources,Scoped initialized state and dependency API effects; hardware DirectDraw not proven
0x00404E40,145,0x00404ED0,FUN_00404e40,dxball_find_glyph,resources,semantic,0.00,__cdecl,,false,src/resources.c,docs/RESOURCE_OWNER.md; unmodified target differential execution,resources,Scoped initialized state and dependency API effects; hardware DirectDraw not proven
0x00404EE0,150,0x00404F75,FUN_00404ee0,dxball_draw_text,ui,semantic,0.00,cdecl,See src/ui.h,false,src/ui.c,docs/STARTUP_UI_OWNER.md; ev_163d2c095b63214d821d53492ba6108c07a18e965f5135a2e90af53cb53aadd3,ui,"150 owned bytes in 150-byte span; See docs/STARTUP_UI_OWNER.md; valid defined storage/arithmetic domains, selected COM outputs, explicit CRT RNG/file and driver/non-game boundaries"
0x00404F80,73,0x00404FC8,FUN_00404f80,dxball_draw_centered_text,ui,semantic,0.00,cdecl,See src/ui.h,false,src/ui.c,docs/STARTUP_UI_OWNER.md; ev_3aaaa3e23bdd7e6a30fce980204aff52420ded4f7e5cbb9015195196594b429a,ui,"73 owned bytes in 73-byte span; See docs/STARTUP_UI_OWNER.md; valid defined storage/arithmetic domains, selected COM outputs, explicit CRT RNG/file and driver/non-game boundaries"
0x00404FD0,279,0x004050E6,FUN_00404fd0,dxball_measure_text,ui,semantic,0.00,cdecl,See src/ui.h,false,src/ui.c,docs/STARTUP_UI_OWNER.md; ev_6a25f94931f763de87b46ce0de325939c392113a9c31de1568162431ea46a545,ui,"279 owned bytes in 279-byte span; See docs/STARTUP_UI_OWNER.md; valid defined storage/arithmetic domains, selected COM outputs, explicit CRT RNG/file and driver/non-game boundaries"
0x004050F0,33,0x00405110,FUN_004050f0,dxball_prepare_sound,sound,semantic,0.00,cdecl,See src/sound.h,false,src/sound.c,docs/SOUND_OWNER.md; ev_5345b28e6714252665c89598e94047ef4b2947c4ad089e47fa294ed785c5c948,sound,"33 owned bytes in 33-byte span; See docs/SOUND_OWNER.md; slots0..49, names<=19 chars, bounded mapped RIFF/no pointer or size overflow, usable fmt-before-data for loading, API-defined outputs; imports/COM/CRT allocation/exit boundaries, tombstone-only failure observation, real physical audio pending"
0x00405120,1705,0x004057C8,FUN_00405120,dxball_initialize_sound,sound,semantic,0.00,cdecl,See src/sound.h,false,src/sound.c,docs/SOUND_OWNER.md; ev_0c19fd7b02df4709514364206dec7df270a537b02ffbdda25a57516fcd78ce1f,sound,"1635 owned bytes in 1705-byte span; See docs/SOUND_OWNER.md; slots0..49, names<=19 chars, bounded mapped RIFF/no pointer or size overflow, usable fmt-before-data for loading, API-defined outputs; imports/COM/CRT allocation/exit boundaries, tombstone-only failure observation, real physical audio pending"
0x004057D0,214,0x004058A5,FUN_004057d0,dxball_pause_sound,sound,semantic,0.00,cdecl,See src/sound.h,false,src/sound.c,docs/SOUND_OWNER.md; ev_1052e31287c62f41ca5b91c02788d01d7f819378263ad1d5e7ea84f65a4c7d49,sound,"214 owned bytes in 214-byte span; See docs/SOUND_OWNER.md; slots0..49, names<=19 chars, bounded mapped RIFF/no pointer or size overflow, usable fmt-before-data for loading, API-defined outputs; imports/COM/CRT allocation/exit boundaries, tombstone-only failure observation, real physical audio pending"
0x004058B0,61,0x004058EC,FUN_004058b0,dxball_release_sounds,sound,semantic,0.00,cdecl,See src/sound.h,false,src/sound.c,docs/SOUND_OWNER.md; ev_94a38a0c816a05c2eae87be84cd560341ef73e597cb6637f535aec41f628d6f9,sound,"61 owned bytes in 61-byte span; See docs/SOUND_OWNER.md; slots0..49, names<=19 chars, bounded mapped RIFF/no pointer or size overflow, usable fmt-before-data for loading, API-defined outputs; imports/COM/CRT allocation/exit boundaries, tombstone-only failure observation, real physical audio pending"
0x004058F0,149,0x00405984,FUN_004058f0,dxball_release_sound,sound,semantic,0.00,cdecl,See src/sound.h,false,src/sound.c,docs/SOUND_OWNER.md; ev_4a17a83a14ba89a55ddecad057550d34cfe4c60e655615affb7c6361e3496d05,sound,"149 owned bytes in 149-byte span; See docs/SOUND_OWNER.md; slots0..49, names<=19 chars, bounded mapped RIFF/no pointer or size overflow, usable fmt-before-data for loading, API-defined outputs; imports/COM/CRT allocation/exit boundaries, tombstone-only failure observation, real physical audio pending"
0x00405990,695,0x00405C46,FUN_00405990,dxball_load_sound,sound,semantic,0.00,cdecl,See src/sound.h,false,src/sound.c,docs/SOUND_OWNER.md; ev_e5e44144f4d74b3812d2c83fe7b7b649dde02f9a2107482ff677eb58455dd745,sound,"695 owned bytes in 695-byte span; See docs/SOUND_OWNER.md; slots0..49, names<=19 chars, bounded mapped RIFF/no pointer or size overflow, usable fmt-before-data for loading, API-defined outputs; imports/COM/CRT allocation/exit boundaries, tombstone-only failure observation, real physical audio pending"
0x00405C50,289,0x00405D70,FUN_00405c50,dxball_play_sound,sound,semantic,0.00,cdecl,See src/sound.h,false,src/sound.c,docs/SOUND_OWNER.md; ev_ef6fb9d2676911af136542d534690483b0b4cd60bb87e1bb51ad2912875ed2b4,sound,"289 owned bytes in 289-byte span; See docs/SOUND_OWNER.md; slots0..49, names<=19 chars, bounded mapped RIFF/no pointer or size overflow, usable fmt-before-data for loading, API-defined outputs; imports/COM/CRT allocation/exit boundaries, tombstone-only failure observation, real physical audio pending"
0x00405D80,289,0x00405EA0,FUN_00405d80,dxball_update_sound,sound,semantic,0.00,cdecl,See src/sound.h,false,src/sound.c,docs/SOUND_OWNER.md; ev_4f3837704530a529e08b8bbab841430914566e16220c1de39590fb279df06952,sound,"289 owned bytes in 289-byte span; See docs/SOUND_OWNER.md; slots0..49, names<=19 chars, bounded mapped RIFF/no pointer or size overflow, usable fmt-before-data for loading, API-defined outputs; imports/COM/CRT allocation/exit boundaries, tombstone-only failure observation, real physical audio pending"
0x00405EB0,61,0x00405EEC,FUN_00405eb0,dxball_stop_all_sounds,sound,semantic,0.00,cdecl,See src/sound.h,false,src/sound.c,docs/SOUND_OWNER.md; ev_2b3dd1168377f765b3a2aa76502a2a941735ed95a792fab6139481e60c68e8c4,sound,"61 owned bytes in 61-byte span; See docs/SOUND_OWNER.md; slots0..49, names<=19 chars, bounded mapped RIFF/no pointer or size overflow, usable fmt-before-data for loading, API-defined outputs; imports/COM/CRT allocation/exit boundaries, tombstone-only failure observation, real physical audio pending"
0x00405EF0,174,0x00405F9D,FUN_00405ef0,dxball_stop_sound,sound,semantic,0.00,cdecl,See src/sound.h,false,src/sound.c,docs/SOUND_OWNER.md; ev_a7d4f764f321d44850e595e49fee07e60442eeaececc6441770300b95dbedf96,sound,"174 owned bytes in 174-byte span; See docs/SOUND_OWNER.md; slots0..49, names<=19 chars, bounded mapped RIFF/no pointer or size overflow, usable fmt-before-data for loading, API-defined outputs; imports/COM/CRT allocation/exit boundaries, tombstone-only failure observation, real physical audio pending"
0x00405FA0,159,0x0040603E,FUN_00405fa0,,,unclassified,0.00,,,false,,Ghidra 12.1.3 auto-analysis candidate; boundary unreviewed,,
0x00406040,159,0x004060DE,FUN_00406040,,,unclassified,0.00,,,false,,Ghidra 12.1.3 auto-analysis candidate; boundary unreviewed,,
0x004060E0,159,0x0040617E,FUN_004060e0,,,unclassified,0.00,,,false,,Ghidra 12.1.3 auto-analysis candidate; boundary unreviewed,,
0x00406180,225,0x00406260,FUN_00406180,dxball_restore_sounds,sound,semantic,0.00,cdecl,See src/sound.h,false,src/sound.c,docs/SOUND_OWNER.md; ev_5dc1b0f0c563f51eecd77fab5ff675667f74ae773f9dfee9b2d1e7b444301e16,sound,"225 owned bytes in 225-byte span; See docs/SOUND_OWNER.md; slots0..49, names<=19 chars, bounded mapped RIFF/no pointer or size overflow, usable fmt-before-data for loading, API-defined outputs; imports/COM/CRT allocation/exit boundaries, tombstone-only failure observation, real physical audio pending"
0x00406270,26,0x00406289,FUN_00406270,dxball_release_audio,sound,semantic,0.00,cdecl,See src/sound.h,false,src/sound.c,docs/SOUND_OWNER.md; ev_a555f330cfa6fce76d239915d26e68401117a5a9fdc4df26ebda7a734f239585,sound,"26 owned bytes in 26-byte span; See docs/SOUND_OWNER.md; slots0..49, names<=19 chars, bounded mapped RIFF/no pointer or size overflow, usable fmt-before-data for loading, API-defined outputs; imports/COM/CRT allocation/exit boundaries, tombstone-only failure observation, real physical audio pending"
0x00406290,269,0x0040639C,FUN_00406290,dxball_parse_wave,sound,semantic,0.00,cdecl,See src/sound.h,false,src/sound.c,docs/SOUND_OWNER.md; ev_8c97f00d8301c9fad99e761f8bbe2ea90f8dc14d6e8db6709a75e15c49c6c1a3,sound,"264 owned bytes in 269-byte span; See docs/SOUND_OWNER.md; slots0..49, names<=19 chars, bounded mapped RIFF/no pointer or size overflow, usable fmt-before-data for loading, API-defined outputs; imports/COM/CRT allocation/exit boundaries, tombstone-only failure observation, real physical audio pending"
0x004063A0,89,0x004063F8,FUN_004063a0,dxball_create_sound_buffer,sound,semantic,0.00,cdecl,See src/sound.h,false,src/sound.c,docs/SOUND_OWNER.md; ev_d0e9ffafba6bc56b0694c2b6b8f17f504beebd0138ce8f0f103be5de5c90b275,sound,"89 owned bytes in 89-byte span; See docs/SOUND_OWNER.md; slots0..49, names<=19 chars, bounded mapped RIFF/no pointer or size overflow, usable fmt-before-data for loading, API-defined outputs; imports/COM/CRT allocation/exit boundaries, tombstone-only failure observation, real physical audio pending"
0x00406400,63,0x0040643E,FUN_00406400,dxball_screen_pan,gameplay,exact,100.00,__cdecl,DxBallInt dxball_screen_pan(DxBallInt x),false,src/gameplay.c,docs/GAMEPLAY_OWNER.md; REA ev_ddca58134d89a2eb0aba5bf5694bb06ce7b5cb28aac0eb847891506244e70490,gameplay,Complete COMDAT cold VC4.0 replay; scoped semantic target execution
0x00406440,321,0x00406580,FUN_00406440,dxball_initialize_game_over,gameover,semantic,0.00,cdecl,See src/gameover.h,false,src/gameover.c,docs/GAMEOVER_OWNER.md; ev_e451d766f08e8c36f876fdfe8bef512825c87dfeb0863a987a730e60bbf46eac,gameover,"321 owned bytes in 321-byte span; See docs/GAMEOVER_OWNER.md; valid terminating storage/arithmetic domains, controlled pixels and selected COM fields, default C-locale conversion, explicit resource/audio/driver/editor boundaries"
0x00406590,414,0x0040672D,FUN_00406590,dxball_redraw_game_over,gameover,semantic,0.00,cdecl,See src/gameover.h,false,src/gameover.c,docs/GAMEOVER_OWNER.md; ev_4b2af1f701976b189e8daa926e6081b26294ae671955a84d7652b6cec1785467,gameover,"414 owned bytes in 414-byte span; See docs/GAMEOVER_OWNER.md; valid terminating storage/arithmetic domains, controlled pixels and selected COM fields, default C-locale conversion, explicit resource/audio/driver/editor boundaries"
0x00406730,696,0x004069E7,FUN_00406730,dxball_game_over_frame,gameover,semantic,0.00,cdecl,See src/gameover.h,false,src/gameover.c,docs/GAMEOVER_OWNER.md; ev_54d614d0b6c8bc8c57c1d6d1c398571395adc17f9cf4bab066210d8833dab437,gameover,"696 owned bytes in 696-byte span; See docs/GAMEOVER_OWNER.md; valid terminating storage/arithmetic domains, controlled pixels and selected COM fields, default C-locale conversion, explicit resource/audio/driver/editor boundaries"
0x004069F0,302,0x00406B1D,FUN_004069f0,dxball_game_over_key,gameover,semantic,0.00,cdecl,See src/gameover.h,false,src/gameover.c,docs/GAMEOVER_OWNER.md; ev_d2e980af80173ecba1f8fda0f2ff3584911f60bd2228fcc9b408d17c9049f32b,gameover,"153 owned bytes in 302-byte span; See docs/GAMEOVER_OWNER.md; valid terminating storage/arithmetic domains, controlled pixels and selected COM fields, default C-locale conversion, explicit resource/audio/driver/editor boundaries"
0x00406B20,404,0x00406CB3,FUN_00406b20,dxball_draw_high_scores,gameover,semantic,0.00,cdecl,See src/gameover.h,false,src/gameover.c,docs/GAMEOVER_OWNER.md; ev_a42b5c952ba3c544d58bf1b3c0c2456c9e13f6149d7090c32e2952888fd6ff3e,gameover,"404 owned bytes in 404-byte span; See docs/GAMEOVER_OWNER.md; valid terminating storage/arithmetic domains, controlled pixels and selected COM fields, default C-locale conversion, explicit resource/audio/driver/editor boundaries"
0x00406CC0,94,0x00406D1D,FUN_00406cc0,dxball_read_scores,startup,semantic,0.00,cdecl,See src/startup.h,false,src/startup.c,docs/STARTUP_UI_OWNER.md; ev_60906ff615d2fceb6d7e4cb83c367f0f2612498b4c30cf1d1b20cd4d1c80f2ea,startup,"94 owned bytes in 94-byte span; See docs/STARTUP_UI_OWNER.md; valid defined storage/arithmetic domains, selected COM outputs, explicit CRT RNG/file and driver/non-game boundaries"
0x00406D20,446,0x00406EDD,FUN_00406d20,dxball_insert_high_score,gameover,semantic,0.00,cdecl,See src/gameover.h,false,src/gameover.c,docs/GAMEOVER_OWNER.md; ev_b8a8525ffa6ad9d00db1a74e35f1aabae8aa6ff5e8823367769dd78876448eb6,gameover,"446 owned bytes in 446-byte span; See docs/GAMEOVER_OWNER.md; valid terminating storage/arithmetic domains, controlled pixels and selected COM fields, default C-locale conversion, explicit resource/audio/driver/editor boundaries"
0x00406EE0,723,0x004071B2,FUN_00406ee0,dxball_initialize_scores,startup,semantic,0.00,cdecl,See src/startup.h,false,src/startup.c,docs/STARTUP_UI_OWNER.md; ev_8dac6e01bb85d2646a688aaa07a710a92aa40634ba392304d3263f05ee92cbd6,startup,"723 owned bytes in 723-byte span; See docs/STARTUP_UI_OWNER.md; valid defined storage/arithmetic domains, selected COM outputs, explicit CRT RNG/file and driver/non-game boundaries"
0x004071C0,421,0x00407364,FUN_004071c0,dxball_edit_score_name,gameover,semantic,0.00,cdecl,See src/gameover.h,false,src/gameover.c,docs/GAMEOVER_OWNER.md; ev_8211b56370f2de5643ba3e9d8f5a733fac0c5018dfcbf8bfbf8b84fae4daefb9,gameover,"421 owned bytes in 421-byte span; See docs/GAMEOVER_OWNER.md; valid terminating storage/arithmetic domains, controlled pixels and selected COM fields, default C-locale conversion, explicit resource/audio/driver/editor boundaries"
0x00407370,175,0x0040741E,FUN_00407370,dxball_dispose_game_over,gameover,semantic,0.00,cdecl,See src/gameover.h,false,src/gameover.c,docs/GAMEOVER_OWNER.md; ev_459723b74e3925d93b9442ca92f71a9d5f2285a7801f3ece0d689c970074aab0,gameover,"175 owned bytes in 175-byte span; See docs/GAMEOVER_OWNER.md; valid terminating storage/arithmetic domains, controlled pixels and selected COM fields, default C-locale conversion, explicit resource/audio/driver/editor boundaries"
0x00407420,430,0x004075CD,FUN_00407420,dxball_initialize_splash,intro,semantic,0.00,cdecl,See src/intro.h,false,src/intro.c,docs/INTRO_OWNER.md; ev_61c4212874ada28527bff5917d72525d34eed9f3b168a27f413b46eefec7948c,intro,"430 owned bytes in 430-byte span; See docs/INTRO_OWNER.md; valid terminating storage/arithmetic domains, controlled pixels and selected COM fields, explicit resource/audio/driver/editor boundaries"
0x004075D0,949,0x00407984,FUN_004075d0,dxball_redraw_splash,intro,semantic,0.00,cdecl,See src/intro.h,false,src/intro.c,docs/INTRO_OWNER.md; ev_4a967bbbf38cd42ec661c8b5dc82686fc9c2ab4f8e75a5c9b7132067706f4739,intro,"949 owned bytes in 949-byte span; See docs/INTRO_OWNER.md; valid terminating storage/arithmetic domains, controlled pixels and selected COM fields, explicit resource/audio/driver/editor boundaries"
0x00407990,274,0x00407AA1,FUN_00407990,dxball_splash_frame,intro,semantic,0.00,cdecl,See src/intro.h,false,src/intro.c,docs/INTRO_OWNER.md; ev_7818bf9bdac1f23ebe2ac4798a9137426d357a7e5f7e060469add4fb9fee3f23,intro,"274 owned bytes in 274-byte span; See docs/INTRO_OWNER.md; valid terminating storage/arithmetic domains, controlled pixels and selected COM fields, explicit resource/audio/driver/editor boundaries"
0x00407AB0,36,0x00407AD3,FUN_00407ab0,dxball_splash_key,intro,semantic,0.00,cdecl,See src/intro.h,false,src/intro.c,docs/INTRO_OWNER.md; ev_d1c87d90c887ddeb6eefe0dcd882a3c99b7c1bbfa0c5ffdad565e81e696538ac,intro,"36 owned bytes in 36-byte span; See docs/INTRO_OWNER.md; valid terminating storage/arithmetic domains, controlled pixels and selected COM fields, explicit resource/audio/driver/editor boundaries"
0x00407AE0,185,0x00407B98,FUN_00407ae0,dxball_dispose_splash,intro,semantic,0.00,cdecl,See src/intro.h,false,src/intro.c,docs/INTRO_OWNER.md; ev_57ee9ffdab9d682c65d0b645600262f0013224bdad8a466304a77cd940794454,intro,"185 owned bytes in 185-byte span; See docs/INTRO_OWNER.md; valid terminating storage/arithmetic domains, controlled pixels and selected COM fields, explicit resource/audio/driver/editor boundaries"
0x00407BA0,235,0x00407C8A,FUN_00407ba0,dxball_draw_scroller_wave,intro,semantic,0.00,cdecl,See src/intro.h,false,src/intro.c,docs/INTRO_OWNER.md; ev_ecc8bc98f207e2dcf6101e2f1fbf61126d0081fced68e29388f49128c78d7f89,intro,"235 owned bytes in 235-byte span; See docs/INTRO_OWNER.md; valid terminating storage/arithmetic domains, controlled pixels and selected COM fields, explicit resource/audio/driver/editor boundaries"
0x00407C90,233,0x00407D78,FUN_00407c90,dxball_update_scroller,intro,semantic,0.00,cdecl,See src/intro.h,false,src/intro.c,docs/INTRO_OWNER.md; ev_60ffa0dd2052ca4d66e244d13dff9c0927c40df0a2c284e69e239173f8e96e25,intro,"233 owned bytes in 233-byte span; See docs/INTRO_OWNER.md; valid terminating storage/arithmetic domains, controlled pixels and selected COM fields, explicit resource/audio/driver/editor boundaries"
0x00407D80,353,0x00407EE0,FUN_00407d80,dxball_draw_waving_credits,intro,semantic,0.00,cdecl,See src/intro.h,false,src/intro.c,docs/INTRO_OWNER.md; ev_7921a58cbee918a0e153804ca0dbd7c123d0a0f183a6f0a8b32af893053e796f,intro,"353 owned bytes in 353-byte span; See docs/INTRO_OWNER.md; valid terminating storage/arithmetic domains, controlled pixels and selected COM fields, explicit resource/audio/driver/editor boundaries"
0x00407EF0,370,0x00408061,FUN_00407ef0,dxball_pulse_splash_palette,intro,semantic,0.00,cdecl,See src/intro.h,false,src/intro.c,docs/INTRO_OWNER.md; ev_2c669d6d7ae4ed75294367bdef23972e96d8cd5430ddbee9bcd729c55f1398c3,intro,"370 owned bytes in 370-byte span; See docs/INTRO_OWNER.md; valid terminating storage/arithmetic domains, controlled pixels and selected COM fields, explicit resource/audio/driver/editor boundaries"
0x00408070,267,0x0040817A,FUN_00408070,dxball_reset_regions,display,semantic,0.00,cdecl,See src/display.h,false,src/display.c,docs/DISPLAY_OWNER.md; ev_7fa4a6f3aca679c5c635db0c51c110bfda08836742abef83dc71b0f1ee1d1d34,display,267 owned bytes in 267-byte span; See docs/DISPLAY_OWNER.md; bounded valid rectangle/count/clock state and explicit configured COM/audio/recovery/UI boundaries
0x00408180,362,0x004082E9,FUN_00408180,,,unclassified,0.00,,,false,,Ghidra 12.1.3 auto-analysis candidate; boundary unreviewed,,
0x004082F0,361,0x00408458,FUN_004082f0,dxball_draw_effect_sprite,display,semantic,0.00,cdecl,See src/display.h,false,src/display.c,docs/DISPLAY_OWNER.md; ev_487082b99cefd00540229ea43622fc5d56457b98c9b8f434f0002afa9227cb0b,display,361 owned bytes in 361-byte span; See docs/DISPLAY_OWNER.md; bounded valid rectangle/count/clock state and explicit configured COM/audio/recovery/UI boundaries
0x00408460,362,0x004085C9,FUN_00408460,,,unclassified,0.00,,,false,,Ghidra 12.1.3 auto-analysis candidate; boundary unreviewed,,
0x004085D0,361,0x00408738,FUN_004085d0,dxball_draw_reduced_sprite,display,semantic,0.00,cdecl,See src/display.h,false,src/display.c,docs/DISPLAY_OWNER.md; ev_bde5005e002236529be930995e10017c75e10aad8e724216cbac463f299af083,display,361 owned bytes in 361-byte span; See docs/DISPLAY_OWNER.md; bounded valid rectangle/count/clock state and explicit configured COM/audio/recovery/UI boundaries
0x00408740,306,0x00408871,FUN_00408740,,,unclassified,0.00,,,false,,Ghidra 12.1.3 auto-analysis candidate; boundary unreviewed,,
0x00408880,272,0x0040898F,FUN_00408880,,,unclassified,0.00,,,false,,Ghidra 12.1.3 auto-analysis candidate; boundary unreviewed,,
0x00408990,183,0x00408A46,FUN_00408990,dxball_queue_region,display,semantic,0.00,cdecl,See src/display.h,false,src/display.c,docs/DISPLAY_OWNER.md; ev_8c8db0719620a4407f7ec289f38393456217a8f65ee947c84e20cf80f46b627c,display,183 owned bytes in 183-byte span; See docs/DISPLAY_OWNER.md; bounded valid rectangle/count/clock state and explicit configured COM/audio/recovery/UI boundaries
0x00408A50,281,0x00408B68,FUN_00408a50,dxball_restore_effect_region,display,semantic,0.00,cdecl,See src/display.h,false,src/display.c,docs/DISPLAY_OWNER.md; ev_28f895bfecc1cab9128bfbf634996e85c59e059ed77b0a81b83d293466ad9603,display,281 owned bytes in 281-byte span; See docs/DISPLAY_OWNER.md; bounded valid rectangle/count/clock state and explicit configured COM/audio/recovery/UI boundaries
0x00408B70,336,0x00408CBF,FUN_00408b70,dxball_invalidate_region,display,semantic,0.00,cdecl,See src/display.h,false,src/display.c,docs/DISPLAY_OWNER.md; ev_083f7fc0ed9267a7d842e615acbda8b8257ad96982463a4c2cae58bdca37dfec,display,336 owned bytes in 336-byte span; See docs/DISPLAY_OWNER.md; bounded valid rectangle/count/clock state and explicit configured COM/audio/recovery/UI boundaries
0x00408CC0,827,0x00408FFA,FUN_00408cc0,dxball_restore_regions,display,semantic,0.00,cdecl,See src/display.h,false,src/display.c,docs/DISPLAY_OWNER.md; ev_2d9050e4b74d2fcb39692d85337c3a372235cd44f4cf5d22ee74c047bb4c3f76,display,827 owned bytes in 827-byte span; See docs/DISPLAY_OWNER.md; bounded valid rectangle/count/clock state and explicit configured COM/audio/recovery/UI boundaries
0x00409000,24,0x00409017,FUN_00409000,dxball_bind_board_surface,display,semantic,0.00,cdecl,See src/display.h,false,src/display.c,docs/DISPLAY_OWNER.md; ev_793213d9624462f067cc47da086586081b3930aeda1fdcb6bd960c76c67f27ab,display,24 owned bytes in 24-byte span; See docs/DISPLAY_OWNER.md; bounded valid rectangle/count/clock state and explicit configured COM/audio/recovery/UI boundaries
0x00409020,24,0x00409037,FUN_00409020,dxball_bind_display_surface,display,semantic,0.00,cdecl,See src/display.h,false,src/display.c,docs/DISPLAY_OWNER.md; ev_00b16a611bc5e4f266b1e88706440b0a105d15aae971652ef533c26512984fd7,display,24 owned bytes in 24-byte span; See docs/DISPLAY_OWNER.md; bounded valid rectangle/count/clock state and explicit configured COM/audio/recovery/UI boundaries
0x00409040,180,0x004090F3,FUN_00409040,dxball_present,display,semantic,0.00,cdecl,See src/display.h,false,src/display.c,docs/DISPLAY_OWNER.md; ev_fcc3a545dae1d448edd6d472e4a638685b211cd3a231c967d9837b585b0f4692,display,180 owned bytes in 180-byte span; See docs/DISPLAY_OWNER.md; bounded valid rectangle/count/clock state and explicit configured COM/audio/recovery/UI boundaries
0x00409100,984,0x004094D7,FUN_00409100,dxball_present_regions_now,display,semantic,0.00,cdecl,See src/display.h,false,src/display.c,docs/DISPLAY_OWNER.md; ev_ca79613a0bb131922a4f6c409b62ad80fbc94bc7bfc427358457a912a2e388e3,display,984 owned bytes in 984-byte span; See docs/DISPLAY_OWNER.md; bounded valid rectangle/count/clock state and explicit configured COM/audio/recovery/UI boundaries
0x004094E0,296,0x00409607,FUN_004094e0,dxball_sort_present_regions,display,semantic,0.00,cdecl,See src/display.h,false,src/display.c,docs/DISPLAY_OWNER.md; ev_6fa464860fec11c6c9b89b25ac22ba8445585a8dba2390986ff40878fc054f10,display,296 owned bytes in 296-byte span; See docs/DISPLAY_OWNER.md; bounded valid rectangle/count/clock state and explicit configured COM/audio/recovery/UI boundaries
0x00409610,170,0x004096B9,FUN_00409610,dxball_wait_frames,display,semantic,0.00,cdecl,See src/display.h,false,src/display.c,docs/DISPLAY_OWNER.md; ev_86e83ae4d777813cd233a8b5c9d0f3ccf67349f7605b270938902c442f023087,display,170 owned bytes in 170-byte span; See docs/DISPLAY_OWNER.md; bounded valid rectangle/count/clock state and explicit configured COM/audio/recovery/UI boundaries
0x004096C0,206,0x0040978D,FUN_004096c0,dxball_initialize_palette,device,semantic,0.00,cdecl,See src/device.h,false,src/device.c,docs/DEVICE_OWNER.md; ev_1f7ee3646ca9d02b5f9f7b91f0c1cbfe3f3af3a8f021debadd09191a0c844cbd,device,"206 owned bytes in 206-byte span; See docs/DEVICE_OWNER.md; bounded terminating palette domain, valid bank/surface state and explicit configured COM/reload/glyph/audio/platform boundaries"
0x00409790,337,0x004098E0,FUN_00409790,dxball_load_live_palette,resources,semantic,0.00,__cdecl,,false,src/resources.c,docs/RESOURCE_OWNER.md; unmodified target differential execution,resources,Scoped initialized state and dependency API effects; hardware DirectDraw not proven
0x004098F0,307,0x00409A22,FUN_004098f0,dxball_load_saved_palette,resources,semantic,0.00,__cdecl,,false,src/resources.c,docs/RESOURCE_OWNER.md; unmodified target differential execution,resources,Scoped initialized state and dependency API effects; hardware DirectDraw not proven
0x00409A30,376,0x00409BA7,FUN_00409a30,,,unclassified,0.00,,,false,,Ghidra 12.1.3 auto-analysis candidate; boundary unreviewed,,
0x00409BB0,862,0x00409F0D,FUN_00409bb0,dxball_load_pcx,resources,semantic,0.00,__cdecl,,false,src/resources.c,docs/RESOURCE_OWNER.md; unmodified target differential execution,resources,Scoped initialized state and dependency API effects; hardware DirectDraw not proven
0x00409F10,89,0x00409F68,FUN_00409f10,dxball_clear_surface,device,semantic,0.00,cdecl,See src/device.h,false,src/device.c,docs/DEVICE_OWNER.md; ev_017375bcddb7d6708aadc8ec0d071b77e9d37c7f877f9da584462f4e561360db,device,"89 owned bytes in 89-byte span; See docs/DEVICE_OWNER.md; bounded terminating palette domain, valid bank/surface state and explicit configured COM/reload/glyph/audio/platform boundaries"
0x00409F70,976,0x0040A33F,FUN_00409f70,,,unclassified,0.00,,,false,,Ghidra 12.1.3 auto-analysis candidate; boundary unreviewed,,
0x0040A340,1339,0x0040A87A,FUN_0040a340,dxball_palette_transition,device,semantic,0.00,cdecl,See src/device.h,false,src/device.c,docs/DEVICE_OWNER.md; ev_eaf357e839ddf4487c962040bded218134cadfcccd5854a83a07cee7f285a71a,device,"1339 owned bytes in 1339-byte span; See docs/DEVICE_OWNER.md; bounded terminating palette domain, valid bank/surface state and explicit configured COM/reload/glyph/audio/platform boundaries"
0x0040A880,234,0x0040A969,FUN_0040a880,dxball_rotate_palette_right,ui,semantic,0.00,cdecl,See src/ui.h,false,src/ui.c,docs/STARTUP_UI_OWNER.md; ev_35f62db7fc86382109be50f01f5d0ead909598ff5cb4328d8d76157b157b21d0,ui,"234 owned bytes in 234-byte span; See docs/STARTUP_UI_OWNER.md; valid defined storage/arithmetic domains, selected COM outputs, explicit CRT RNG/file and driver/non-game boundaries"
0x0040A970,234,0x0040AA59,FUN_0040a970,dxball_animate_palette,display,semantic,0.00,cdecl,See src/display.h,false,src/display.c,docs/DISPLAY_OWNER.md; ev_a5263d59f79fee20c3d1c580888f256c258a6bb80332e83da49071d7e3048e9a,display,234 owned bytes in 234-byte span; See docs/DISPLAY_OWNER.md; bounded valid rectangle/count/clock state and explicit configured COM/audio/recovery/UI boundaries
0x0040AA60,188,0x0040AB1B,FUN_0040aa60,dxball_rotate_rgb_colors,ui,semantic,0.00,cdecl,See src/ui.h,false,src/ui.c,docs/STARTUP_UI_OWNER.md; ev_d69a03478a3300403b907eadb1d092d72ea91325ee9a2d51042a1105207b5bb3,ui,"188 owned bytes in 188-byte span; See docs/STARTUP_UI_OWNER.md; valid defined storage/arithmetic domains, selected COM outputs, explicit CRT RNG/file and driver/non-game boundaries"
0x0040AB20,108,0x0040AB8B,FUN_0040ab20,dxball_set_palette_rgb,ui,semantic,0.00,cdecl,See src/ui.h,false,src/ui.c,docs/STARTUP_UI_OWNER.md; ev_677c089ab1d99c09f648bf51f8d486dc81df271573b32af3ba3f53fdb5c50e68,ui,"108 owned bytes in 108-byte span; See docs/STARTUP_UI_OWNER.md; valid defined storage/arithmetic domains, selected COM outputs, explicit CRT RNG/file and driver/non-game boundaries"
0x0040AB90,1542,0x0040B195,FUN_0040ab90,,,unclassified,0.00,,,false,,Ghidra 12.1.3 auto-analysis candidate; boundary unreviewed,,
0x0040B196,9,0x0040B19E,FUN_0040b196,,,unclassified,0.00,,,false,,Ghidra 12.1.3 auto-analysis candidate; boundary unreviewed,,
0x0040B19F,9,0x0040B1A7,FUN_0040b19f,,,unclassified,0.00,,,false,,Ghidra 12.1.3 auto-analysis candidate; boundary unreviewed,,
0x0040B1A8,9,0x0040B1B0,FUN_0040b1a8,,,unclassified,0.00,,,false,,Ghidra 12.1.3 auto-analysis candidate; boundary unreviewed,,
0x0040B1B1,9,0x0040B1B9,FUN_0040b1b1,,,unclassified,0.00,,,false,,Ghidra 12.1.3 auto-analysis candidate; boundary unreviewed,,
0x0040B1BA,9,0x0040B1C2,FUN_0040b1ba,,,unclassified,0.00,,,false,,Ghidra 12.1.3 auto-analysis candidate; boundary unreviewed,,
0x0040B1C3,9,0x0040B1CB,FUN_0040b1c3,,,unclassified,0.00,,,false,,Ghidra 12.1.3 auto-analysis candidate; boundary unreviewed,,
0x0040B1CC,9,0x0040B1D4,FUN_0040b1cc,,,unclassified,0.00,,,false,,Ghidra 12.1.3 auto-analysis candidate; boundary unreviewed,,
0x0040B1D5,9,0x0040B1DD,FUN_0040b1d5,,,unclassified,0.00,,,false,,Ghidra 12.1.3 auto-analysis candidate; boundary unreviewed,,
0x0040B1DE,9,0x0040B1E6,FUN_0040b1de,,,unclassified,0.00,,,false,,Ghidra 12.1.3 auto-analysis candidate; boundary unreviewed,,
0x0040B1E7,9,0x0040B1EF,FUN_0040b1e7,,,unclassified,0.00,,,false,,Ghidra 12.1.3 auto-analysis candidate; boundary unreviewed,,
0x0040B1F0,9,0x0040B1F8,FUN_0040b1f0,,,unclassified,0.00,,,false,,Ghidra 12.1.3 auto-analysis candidate; boundary unreviewed,,
0x0040B1F9,9,0x0040B201,FUN_0040b1f9,,,unclassified,0.00,,,false,,Ghidra 12.1.3 auto-analysis candidate; boundary unreviewed,,
0x0040B202,9,0x0040B20A,FUN_0040b202,,,unclassified,0.00,,,false,,Ghidra 12.1.3 auto-analysis candidate; boundary unreviewed,,
0x0040B20B,9,0x0040B213,FUN_0040b20b,,,unclassified,0.00,,,false,,Ghidra 12.1.3 auto-analysis candidate; boundary unreviewed,,
0x0040B214,9,0x0040B21C,FUN_0040b214,,,unclassified,0.00,,,false,,Ghidra 12.1.3 auto-analysis candidate; boundary unreviewed,,
0x0040B21D,9,0x0040B225,FUN_0040b21d,,,unclassified,0.00,,,false,,Ghidra 12.1.3 auto-analysis candidate; boundary unreviewed,,
0x0040B230,14,0x0040B23D,FUN_0040b230,,,unclassified,0.00,,,false,,Ghidra 12.1.3 auto-analysis candidate; boundary unreviewed,,
0x0040B240,25,0x0040B258,FUN_0040b240,,,unclassified,0.00,,,false,,Ghidra 12.1.3 auto-analysis candidate; boundary unreviewed,,
0x0040B260,22,0x0040B275,FUN_0040b260,,,unclassified,0.00,,,false,,Ghidra 12.1.3 auto-analysis candidate; boundary unreviewed,,
0x0040B280,38,0x0040B2A5,FUN_0040b280,,,unclassified,0.00,,,false,,Ghidra 12.1.3 auto-analysis candidate; boundary unreviewed,,
0x0040B2B0,30,0x0040B2CD,FUN_0040b2b0,,,unclassified,0.00,,,false,,Ghidra 12.1.3 auto-analysis candidate; boundary unreviewed,,
0x0040B2D0,118,0x0040B345,FUN_0040b2d0,,,unclassified,0.00,,,false,,Ghidra 12.1.3 auto-analysis candidate; boundary unreviewed,,
0x0040B359,9,0x0040B361,FUN_0040b359,,,unclassified,0.00,,,false,,Ghidra 12.1.3 auto-analysis candidate; boundary unreviewed,,
0x0040B362,9,0x0040B36A,FUN_0040b362,,,unclassified,0.00,,,false,,Ghidra 12.1.3 auto-analysis candidate; boundary unreviewed,,
0x0040B375,17,0x0040B385,FUN_0040b375,,,unclassified,0.00,,,false,,Ghidra 12.1.3 auto-analysis candidate; boundary unreviewed,,
0x0040B390,35,0x0040B3B2,FUN_0040b390,,,unclassified,0.00,,,false,,Ghidra 12.1.3 auto-analysis candidate; boundary unreviewed,,
0x0040B3C0,93,0x0040B41C,FUN_0040b3c0,,,unclassified,0.00,,,false,,Ghidra 12.1.3 auto-analysis candidate; boundary unreviewed,,
0x0040B41D,9,0x0040B425,FUN_0040b41d,,,unclassified,0.00,,,false,,Ghidra 12.1.3 auto-analysis candidate; boundary unreviewed,,
0x0040B430,17,0x0040B440,FUN_0040b430,,,unclassified,0.00,,,false,,Ghidra 12.1.3 auto-analysis candidate; boundary unreviewed,,
0x0040B450,74,0x0040B499,FUN_0040b450,,,unclassified,0.00,,,false,,Ghidra 12.1.3 auto-analysis candidate; boundary unreviewed,,
0x0040B49A,9,0x0040B4A2,FUN_0040b49a,,,unclassified,0.00,,,false,,Ghidra 12.1.3 auto-analysis candidate; boundary unreviewed,,
0x0040B4AD,17,0x0040B4BD,FUN_0040b4ad,,,unclassified,0.00,,,false,,Ghidra 12.1.3 auto-analysis candidate; boundary unreviewed,,
0x0040B4C0,144,0x0040B54F,FUN_0040b4c0,,,unclassified,0.00,,,false,,Ghidra 12.1.3 auto-analysis candidate; boundary unreviewed,,
0x0040B550,1543,0x0040BB56,FUN_0040b550,,,unclassified,0.00,,,false,,Ghidra 12.1.3 auto-analysis candidate; boundary unreviewed,,
0x0040BB60,1592,0x0040C197,FUN_0040bb60,,,unclassified,0.00,,,false,,Ghidra 12.1.3 auto-analysis candidate; boundary unreviewed,,
0x0040C1A0,263,0x0040C2A6,FUN_0040c1a0,dxball_initialize_editor,editor,semantic,0.00,cdecl,See src/editor.h,false,src/editor.c,docs/EDITOR_OWNER.md; ev_9811081f6d6d1f2204b198cd34ee1b421fe72b0d249a4372fa80a6a93ca3e8e1,editor,"263 owned bytes in 263-byte span; See docs/EDITOR_OWNER.md; bounded hit/board storage and arithmetic, mapped tiles, independent actual-host-stdio versus controlled-original-CRT files, ordered rendering, explicit resource/audio/Windows/driver boundaries"
0x0040C2B0,252,0x0040C3AB,FUN_0040c2b0,dxball_redraw_editor,editor,semantic,0.00,cdecl,See src/editor.h,false,src/editor.c,docs/EDITOR_OWNER.md; ev_1976120e8d242c0582fd80747e4b120df885c94be7db9f231b5b9dd98d593009,editor,"252 owned bytes in 252-byte span; See docs/EDITOR_OWNER.md; bounded hit/board storage and arithmetic, mapped tiles, independent actual-host-stdio versus controlled-original-CRT files, ordered rendering, explicit resource/audio/Windows/driver boundaries"
0x0040C3B0,908,0x0040C73B,FUN_0040c3b0,dxball_editor_frame,editor,semantic,0.00,cdecl,See src/editor.h,false,src/editor.c,docs/EDITOR_OWNER.md; ev_12f27f7831f215d80c2a1a27d88e1638ffa9ab2fd568793f66258b328927431e,editor,"908 owned bytes in 908-byte span; See docs/EDITOR_OWNER.md; bounded hit/board storage and arithmetic, mapped tiles, independent actual-host-stdio versus controlled-original-CRT files, ordered rendering, explicit resource/audio/Windows/driver boundaries"
0x0040C740,632,0x0040C9B7,FUN_0040c740,dxball_editor_key,editor,semantic,0.00,cdecl,See src/editor.h,false,src/editor.c,docs/EDITOR_OWNER.md; ev_c3b032921ff367662243437140e61960889bc020f84de66d663fcd0d86c2cc17,editor,"362 owned bytes in 632-byte span; See docs/EDITOR_OWNER.md; bounded hit/board storage and arithmetic, mapped tiles, independent actual-host-stdio versus controlled-original-CRT files, ordered rendering, explicit resource/audio/Windows/driver boundaries"
0x0040C9C0,163,0x0040CA62,FUN_0040c9c0,dxball_draw_editor_choices,editor,semantic,0.00,cdecl,See src/editor.h,false,src/editor.c,docs/EDITOR_OWNER.md; ev_cb841f57985bd317bc65c2afc1fac963232011a2ad093fcd2e1790a944019088,editor,"163 owned bytes in 163-byte span; See docs/EDITOR_OWNER.md; bounded hit/board storage and arithmetic, mapped tiles, independent actual-host-stdio versus controlled-original-CRT files, ordered rendering, explicit resource/audio/Windows/driver boundaries"
0x0040CA70,431,0x0040CC1E,FUN_0040ca70,dxball_draw_editor_status,editor,semantic,0.00,cdecl,See src/editor.h,false,src/editor.c,docs/EDITOR_OWNER.md; ev_9dbf933b2d5fd904d65e26784bd95865202411ab4c95711d72b9ec72adf0bdfe,editor,"431 owned bytes in 431-byte span; See docs/EDITOR_OWNER.md; bounded hit/board storage and arithmetic, mapped tiles, independent actual-host-stdio versus controlled-original-CRT files, ordered rendering, explicit resource/audio/Windows/driver boundaries"
0x0040CC20,16,0x0040CC2F,FUN_0040cc20,,,unclassified,0.00,,,false,,Ghidra 12.1.3 auto-analysis candidate; boundary unreviewed,,
0x0040CC30,96,0x0040CC8F,FUN_0040cc30,dxball_read_board_bank,boards,exact,100.00,__cdecl,,false,src/boards.c,docs/KNOWLEDGE_BASE.md; target x86 differential oracle,boards,path/open/read boundaries; complete extent and relocations reviewed; canonical cold VC4.0 replay
0x0040CC90,96,0x0040CCEF,FUN_0040cc90,dxball_write_board_bank,boards,exact,100.00,__cdecl,,false,src/boards.c,docs/KNOWLEDGE_BASE.md; target x86 differential oracle,boards,path/open/write boundaries; complete extent and relocations reviewed; canonical cold VC4.0 replay
0x0040CCF0,426,0x0040CE99,FUN_0040ccf0,dxball_board_tile_sprite,boards,semantic,0.00,__cdecl,,false,src/boards.c,docs/KNOWLEDGE_BASE.md; target x86 differential oracle,boards,tile 0..22 only
0x0040CEA0,52,0x0040CED3,FUN_0040cea0,dxball_load_editor_board,boards,semantic,0.00,__cdecl,,false,src/boards.c,docs/KNOWLEDGE_BASE.md; target x86 differential oracle,boards,board 0..49; complete extent and relocations reviewed; canonical cold VC4.0 replay
0x0040CEE0,52,0x0040CF13,FUN_0040cee0,dxball_store_editor_board,boards,semantic,0.00,__cdecl,,false,src/boards.c,docs/KNOWLEDGE_BASE.md; target x86 differential oracle,boards,board 0..49; complete extent and relocations reviewed; canonical cold VC4.0 replay
0x0040CF20,78,0x0040CF6D,FUN_0040cf20,dxball_dispose_editor,editor,semantic,0.00,cdecl,See src/editor.h,false,src/editor.c,docs/EDITOR_OWNER.md; ev_17b4b43767031f638f192df04ea596fd41e851c49a4e47cd4eb25d36b3ae8b87,editor,"78 owned bytes in 78-byte span; See docs/EDITOR_OWNER.md; bounded hit/board storage and arithmetic, mapped tiles, independent actual-host-stdio versus controlled-original-CRT files, ordered rendering, explicit resource/audio/Windows/driver boundaries"
0x0040CF70,1343,0x0040D4AE,FUN_0040cf70,dxball_initialize_fullscreen,platform,semantic,0.00,cdecl,See src/platform.h,false,src/platform.c,docs/PLATFORM_OWNER.md; ev_2cc92baf4edd1bfc64e4ea142dd7d186ca9124af4dda1bda4b72cb0945cc88d8,platform,"1343 owned bytes in 1343-byte span; See docs/PLATFORM_OWNER.md; defined API output fields, valid terminating input/device states and explicit Windows/COM/audio/non-game/glyph/resource boundaries"
0x0040D4B0,1147,0x0040D92A,FUN_0040d4b0,dxball_initialize_compatible,platform,semantic,0.00,cdecl,See src/platform.h,false,src/platform.c,docs/PLATFORM_OWNER.md; ev_11e3dc434ea2130b97aafcbdeb5927e235c6ea83b327a1346881a3898124fa3b,platform,"1147 owned bytes in 1147-byte span; See docs/PLATFORM_OWNER.md; defined API output fields, valid terminating input/device states and explicit Windows/COM/audio/non-game/glyph/resource boundaries"
0x0040D930,320,0x0040DA6F,FUN_0040d930,dxball_win_main,platform,semantic,0.00,stdcall,See src/platform.h,false,src/platform.c,docs/PLATFORM_OWNER.md; ev_44569046e29fafd9e3d92f911c45121c537e6f2fd3112ffd497195c11e26321e,platform,"320 owned bytes in 320-byte span; See docs/PLATFORM_OWNER.md; defined API output fields, valid terminating input/device states and explicit Windows/COM/audio/non-game/glyph/resource boundaries"
0x0040DA70,1171,0x0040DF02,FUN_0040da70,dxball_window_proc,platform,semantic,0.00,stdcall,See src/platform.h,false,src/platform.c,docs/PLATFORM_OWNER.md; ev_ec5246e677575ed67dc6c47dec0ffc7106e9ff2c86eaf9c4c562e39071b603cf,platform,"1136 owned bytes in 1171-byte span; See docs/PLATFORM_OWNER.md; defined API output fields, valid terminating input/device states and explicit Windows/COM/audio/non-game/glyph/resource boundaries"
0x0040DF10,109,0x0040DF7C,FUN_0040df10,dxball_claim_instance,platform,semantic,0.00,cdecl,See src/platform.h,false,src/platform.c,docs/PLATFORM_OWNER.md; ev_62be40ba52c99f99d98901a5d736ae5250673c0cd2a257527bb0748dce67c357,platform,"104 owned bytes in 109-byte span; See docs/PLATFORM_OWNER.md; defined API output fields, valid terminating input/device states and explicit Windows/COM/audio/non-game/glyph/resource boundaries"
0x0040DF80,51,0x0040DFB2,FUN_0040df80,dxball_close_instance,platform,semantic,0.00,cdecl,See src/platform.h,false,src/platform.c,docs/PLATFORM_OWNER.md; ev_1c8812cfc0cee3f5a725c911a8611a98678bac2db8eb4363445fadfda4b10263,platform,"51 owned bytes in 51-byte span; See docs/PLATFORM_OWNER.md; defined API output fields, valid terminating input/device states and explicit Windows/COM/audio/non-game/glyph/resource boundaries"
0x0040DFC0,277,0x0040E0D4,FUN_0040dfc0,dxball_initialize_intro,intro,semantic,0.00,cdecl,See src/intro.h,false,src/intro.c,docs/INTRO_OWNER.md; ev_75f34375487bd0aa69c53dd2f4f5dd57fad9d8a4cc8ee85a09d0f40d06d65e0f,intro,"277 owned bytes in 277-byte span; See docs/INTRO_OWNER.md; valid terminating storage/arithmetic domains, controlled pixels and selected COM fields, explicit resource/audio/driver/editor boundaries"
0x0040E0E0,587,0x0040E32A,FUN_0040e0e0,dxball_redraw_intro,intro,semantic,0.00,cdecl,See src/intro.h,false,src/intro.c,docs/INTRO_OWNER.md; ev_8d3b245893789331b1a53500a14aae87ed382cd5465098be8604a64b721a1440,intro,"587 owned bytes in 587-byte span; See docs/INTRO_OWNER.md; valid terminating storage/arithmetic domains, controlled pixels and selected COM fields, explicit resource/audio/driver/editor boundaries"
0x0040E330,242,0x0040E421,FUN_0040e330,dxball_intro_frame,intro,semantic,0.00,cdecl,See src/intro.h,false,src/intro.c,docs/INTRO_OWNER.md; ev_6209121031ff06b1a5ae1e284316241f2d319a9129ad4c33ccab80d4381195b1,intro,"242 owned bytes in 242-byte span; See docs/INTRO_OWNER.md; valid terminating storage/arithmetic domains, controlled pixels and selected COM fields, explicit resource/audio/driver/editor boundaries"
0x0040E430,305,0x0040E560,FUN_0040e430,dxball_intro_key,intro,semantic,0.00,cdecl,See src/intro.h,false,src/intro.c,docs/INTRO_OWNER.md; ev_8f5f071d402bea6e963d3fdefc5bfde8e766fb3a31f74e23fbdb64856813cffd,intro,"156 owned bytes in 305-byte span; See docs/INTRO_OWNER.md; valid terminating storage/arithmetic domains, controlled pixels and selected COM fields, explicit resource/audio/driver/editor boundaries"
0x0040E570,1996,0x0040ED3B,FUN_0040e570,dxball_initialize_intro_points,intro,semantic,0.00,cdecl,See src/intro.h,false,src/intro.c,docs/INTRO_OWNER.md; ev_001f48ac971f132ed4b29b98cf1549ec4136da2eab0a9448b6ed27d7f5e41fb8,intro,"1996 owned bytes in 1996-byte span; See docs/INTRO_OWNER.md; valid terminating storage/arithmetic domains, controlled pixels and selected COM fields, explicit resource/audio/driver/editor boundaries"
0x0040ED40,711,0x0040F006,FUN_0040ed40,dxball_update_intro_points,intro,semantic,0.00,cdecl,See src/intro.h,false,src/intro.c,docs/INTRO_OWNER.md; ev_380287bfea6a4f582b8e8ee477b5c7d470de69c6555f3ab997e0f5f7d4650b2d,intro,"711 owned bytes in 711-byte span; See docs/INTRO_OWNER.md; valid terminating storage/arithmetic domains, controlled pixels and selected COM fields, explicit resource/audio/driver/editor boundaries"
0x0040F010,175,0x0040F0BE,FUN_0040f010,dxball_dispose_intro,intro,semantic,0.00,cdecl,See src/intro.h,false,src/intro.c,docs/INTRO_OWNER.md; ev_e0df354eaa8c193e9ccbfb2486aa6532ed5cba21a7ed5d8c69097af79bf7e7dc,intro,"175 owned bytes in 175-byte span; See docs/INTRO_OWNER.md; valid terminating storage/arithmetic domains, controlled pixels and selected COM fields, explicit resource/audio/driver/editor boundaries"
0x0040F0C0,21,0x0040F0D4,FUN_0040f0c0,,,unclassified,0.00,,,false,,Ghidra 12.1.3 auto-analysis candidate; boundary unreviewed,,
0x0040F0E0,21,0x0040F0F4,FUN_0040f0e0,,,unclassified,0.00,,,false,,Ghidra 12.1.3 auto-analysis candidate; boundary unreviewed,,
0x0040F100,21,0x0040F114,FUN_0040f100,,,unclassified,0.00,,,false,,Ghidra 12.1.3 auto-analysis candidate; boundary unreviewed,,
0x0040F120,21,0x0040F134,FUN_0040f120,,,unclassified,0.00,,,false,,Ghidra 12.1.3 auto-analysis candidate; boundary unreviewed,,
0x0040F140,21,0x0040F154,FUN_0040f140,,,unclassified,0.00,,,false,,Ghidra 12.1.3 auto-analysis candidate; boundary unreviewed,,
0x0040F160,21,0x0040F174,FUN_0040f160,,,unclassified,0.00,,,false,,Ghidra 12.1.3 auto-analysis candidate; boundary unreviewed,,
0x0040F180,21,0x0040F194,FUN_0040f180,,,unclassified,0.00,,,false,,Ghidra 12.1.3 auto-analysis candidate; boundary unreviewed,,
0x0040F1A0,21,0x0040F1B4,FUN_0040f1a0,,,unclassified,0.00,,,false,,Ghidra 12.1.3 auto-analysis candidate; boundary unreviewed,,
0x0040F1C0,21,0x0040F1D4,FUN_0040f1c0,,,unclassified,0.00,,,false,,Ghidra 12.1.3 auto-analysis candidate; boundary unreviewed,,
0x0040F1E0,26,0x0040F1F9,FUN_0040f1e0,,,unclassified,0.00,,,false,,Ghidra 12.1.3 auto-analysis candidate; boundary unreviewed,,
0x0040F200,64,0x0040F23F,CReObject::CReObject,,,unclassified,0.00,,,false,,Ghidra 12.1.3 auto-analysis candidate; boundary unreviewed,,
0x0040F240,26,0x0040F259,FUN_0040f240,,,unclassified,0.00,,,false,,Ghidra 12.1.3 auto-analysis candidate; boundary unreviewed,,
0x0040F260,64,0x0040F29F,CReObject::CReObject,,,unclassified,0.00,,,false,,Ghidra 12.1.3 auto-analysis candidate; boundary unreviewed,,
0x0040F2A0,26,0x0040F2B9,FUN_0040f2a0,,,unclassified,0.00,,,false,,Ghidra 12.1.3 auto-analysis candidate; boundary unreviewed,,
0x0040F2C0,26,0x0040F2D9,FUN_0040f2c0,,,unclassified,0.00,,,false,,Ghidra 12.1.3 auto-analysis candidate; boundary unreviewed,,
0x0040F2E0,64,0x0040F31F,CReObject::CReObject,,,unclassified,0.00,,,false,,Ghidra 12.1.3 auto-analysis candidate; boundary unreviewed,,
0x0040F320,26,0x0040F339,FUN_0040f320,,,unclassified,0.00,,,false,,Ghidra 12.1.3 auto-analysis candidate; boundary unreviewed,,
0x0040F340,64,0x0040F37F,CReObject::CReObject,,,unclassified,0.00,,,false,,Ghidra 12.1.3 auto-analysis candidate; boundary unreviewed,,
0x0040F380,26,0x0040F399,FUN_0040f380,,,unclassified,0.00,,,false,,Ghidra 12.1.3 auto-analysis candidate; boundary unreviewed,,
0x0040F3A0,26,0x0040F3B9,FUN_0040f3a0,,,unclassified,0.00,,,false,,Ghidra 12.1.3 auto-analysis candidate; boundary unreviewed,,
0x0040F3C0,64,0x0040F3FF,CReObject::CReObject,,,unclassified,0.00,,,false,,Ghidra 12.1.3 auto-analysis candidate; boundary unreviewed,,
0x0040F400,26,0x0040F419,FUN_0040f400,,,unclassified,0.00,,,false,,Ghidra 12.1.3 auto-analysis candidate; boundary unreviewed,,
0x0040F420,64,0x0040F45F,CReObject::CReObject,,,unclassified,0.00,,,false,,Ghidra 12.1.3 auto-analysis candidate; boundary unreviewed,,
0x0040F460,26,0x0040F479,FUN_0040f460,,,unclassified,0.00,,,false,,Ghidra 12.1.3 auto-analysis candidate; boundary unreviewed,,
0x0040F480,64,0x0040F4BF,CReObject::CReObject,,,unclassified,0.00,,,false,,Ghidra 12.1.3 auto-analysis candidate; boundary unreviewed,,
0x0040F4C0,736,0x0040F79F,FUN_0040f4c0,dxball_initialize_game,runtime,semantic,0.00,cdecl,See src/runtime.h,false,src/runtime.c,docs/RUNTIME_OWNER.md; ev_8dcd43fc9cee3e9d52bc3af33b744a2136c00f6ae467d12e84ba774fb3037077,runtime,736 owned bytes in 736-byte span; See docs/RUNTIME_OWNER.md; bounded valid state and explicit configured resource/backend/non-game-mode boundaries
0x0040F7A0,269,0x0040F8AC,FUN_0040f7a0,dxball_redraw_game,runtime,semantic,0.00,cdecl,See src/runtime.h,false,src/runtime.c,docs/RUNTIME_OWNER.md; ev_aeece82729d07e73584d5066745d79f92597ed573a1580ab42f3a47dbbf9a3cd,runtime,269 owned bytes in 269-byte span; See docs/RUNTIME_OWNER.md; bounded valid state and explicit configured resource/backend/non-game-mode boundaries
0x0040F8B0,1688,0x0040FF47,FUN_0040f8b0,dxball_game_frame,core,semantic,0.00,cdecl,See src/core.h,false,src/core.c,docs/CORE_OWNER.md; ev_5d1d8d47e797530fa172e492b60eebe40dcf8a855a6d9125eb644dccb2e15d43,core,1683 owned bytes in 1688-byte span; See docs/CORE_OWNER.md; bounded valid state and explicit configured frame/platform dependencies
0x0040FF50,220,0x0041002B,FUN_0040ff50,dxball_remove_explosion,gameplay,semantic,0.00,__fastcall,DxBallInt __fastcall dxball_remove_explosion(DxBallExplosionList *list),false,src/gameplay.c,docs/EFFECTS_OWNER.md; REA ev_1538f8576bc2c7b207799609630f986e3933507a8a2a23a9a16767404a1a93d4,gameplay,REA/Ghidra reconciled 215 owned bytes in 220-byte span; scoped semantic acceptance only
0x00410030,57,0x00410068,FUN_00410030,,,unclassified,0.00,,,false,,Ghidra 12.1.3 auto-analysis candidate; boundary unreviewed,,
0x00410070,57,0x004100A8,FUN_00410070,dxball_begin_explosions,gameplay,exact,100.00,__fastcall,DxBallInt __fastcall dxball_begin_explosions(DxBallExplosionList *list),false,src/gameplay.c,docs/EFFECTS_OWNER.md; REA ev_80fc0d3eb489435cb358378c87af0ab6cdf0452ea91c3130435d301de8cd1805,gameplay,REA/Ghidra reconciled 57 owned bytes in 57-byte span; complete COMDAT cold replay
0x004100B0,57,0x004100E8,FUN_004100b0,dxball_begin_brick_effects,effects,exact,100.00,__fastcall,DxBallInt __fastcall dxball_begin_brick_effects(DxBallBrickEffectList *list),false,src/effects.c,docs/EFFECTS_OWNER.md; REA ev_5f4d83a6f76902c735b47dd50457a81c0db79b9c09e8adeed59e3da294738cb8,effects,REA/Ghidra reconciled 57 owned bytes in 57-byte span; complete COMDAT cold replay
0x004100F0,57,0x00410128,FUN_004100f0,dxball_begin_balls,balls,exact,100.00,fastcall,See src/balls.h,false,src/balls.c,docs/POWERUPS_OWNER.md; ev_9c8b8c82788851cb2ca5063efe7775823e05178d9f96d9089ac7c8532375bd45,balls,57 owned bytes in 57-byte span; See docs/POWERUPS_OWNER.md; bounded arithmetic and declared controlled dependencies
0x00410130,57,0x00410168,FUN_00410130,,,unclassified,0.00,,,false,,Ghidra 12.1.3 auto-analysis candidate; boundary unreviewed,,
0x00410170,89,0x004101C8,FUN_00410170,dxball_advance_explosion,gameplay,exact,100.00,__fastcall,DxBallInt __fastcall dxball_advance_explosion(DxBallExplosionList *list),false,src/gameplay.c,docs/EFFECTS_OWNER.md; REA ev_4a996ce8b1c696f9b8499a93062c8783d6936f2bb57ebcfed07b98948fd37c3f,gameplay,REA/Ghidra reconciled 89 owned bytes in 89-byte span; complete COMDAT cold replay
0x004101D0,89,0x00410228,FUN_004101d0,dxball_advance_ball,balls,exact,100.00,fastcall,See src/balls.h,false,src/balls.c,docs/POWERUPS_OWNER.md; ev_bd9c2b70f5e2b0d677e3027b58e618e3a7d1c5e341d9cb72b316a5def1e48895,balls,89 owned bytes in 89-byte span; See docs/POWERUPS_OWNER.md; bounded arithmetic and declared controlled dependencies
0x00410230,89,0x00410288,FUN_00410230,,,unclassified,0.00,,,false,,Ghidra 12.1.3 auto-analysis candidate; boundary unreviewed,,
0x00410290,831,0x004105CE,FUN_00410290,dxball_game_key,platform,semantic,0.00,cdecl,See src/platform.h,false,src/platform.c,docs/PLATFORM_OWNER.md; ev_a1126b60967546aced7cce45fa25634c65245ad3a415585374561d88ccbbaccb,platform,"645 owned bytes in 831-byte span; See docs/PLATFORM_OWNER.md; defined API output fields, valid terminating input/device states and explicit Windows/COM/audio/non-game/glyph/resource boundaries"
0x004105D0,244,0x004106C3,FUN_004105d0,dxball_spawn_ball,balls,semantic,0.00,cdecl,See src/balls.h,false,src/balls.c,docs/POWERUPS_OWNER.md; ev_80aebbb169f0d2bc78a9f894e8a4f8a0dc72c3a0d0a4049fdc19518219a5f52b,balls,244 owned bytes in 244-byte span; See docs/POWERUPS_OWNER.md; bounded arithmetic and declared controlled dependencies
0x004106D0,146,0x00410761,FUN_004106d0,dxball_append_ball,balls,exact,100.00,fastcall,See src/balls.h,false,src/balls.c,docs/POWERUPS_OWNER.md; ev_ec03d81a1de8e23be7f38b75a66795e8b67db909881265d0ac39f9c371ab480e,balls,146 owned bytes in 146-byte span; See docs/POWERUPS_OWNER.md; bounded arithmetic and declared controlled dependencies
0x00410770,3223,0x00411406,FUN_00410770,dxball_update_balls,core,semantic,0.00,cdecl,See src/core.h,false,src/core.c,docs/CORE_OWNER.md; ev_c7fd5e1c178073afb10924d1dbfa6df93f8ba8566533fd41f8dcb8f48b3a92a1,core,3223 owned bytes in 3223-byte span; See docs/CORE_OWNER.md; bounded valid state and explicit configured frame/platform dependencies
0x00411410,681,0x004116B8,FUN_00411410,dxball_bounce_ball_from_paddle,balls,semantic,0.00,cdecl,See src/balls.h,false,src/balls.c,docs/POWERUPS_OWNER.md; ev_6055fe1d318fa3f71d76b5cdbbbe862a3944dd9890035a53264b8ccfa2d7a074,balls,681 owned bytes in 681-byte span; See docs/POWERUPS_OWNER.md; bounded arithmetic and declared controlled dependencies
0x004116C0,337,0x00411810,FUN_004116c0,dxball_hit_screen_point,core,semantic,0.00,cdecl,See src/core.h,false,src/core.c,docs/CORE_OWNER.md; ev_a3dbe09d41da07ce2638ea83d054f31af646f507b1cedf2495bd03630db46f7b,core,337 owned bytes in 337-byte span; See docs/CORE_OWNER.md; bounded valid state and explicit configured frame/platform dependencies
0x00411820,45,0x0041184C,FUN_00411820,dxball_retire_ball,core,semantic,0.00,cdecl,See src/core.h,false,src/core.c,docs/CORE_OWNER.md; ev_a36e9fab3ac21396c7a04fb5c8ea1b26eb31446fb29f612397d068d2eed7d17c,core,45 owned bytes in 45-byte span; See docs/CORE_OWNER.md; bounded valid state and explicit configured frame/platform dependencies
0x00411850,220,0x0041192B,FUN_00411850,dxball_remove_ball,balls,semantic,0.00,fastcall,See src/balls.h,false,src/balls.c,docs/POWERUPS_OWNER.md; ev_ad944e908a2b23a9361befd1410ae97034be779d87b3b006536ec2d702031394,balls,215 owned bytes in 220-byte span; See docs/POWERUPS_OWNER.md; bounded arithmetic and declared controlled dependencies
0x00411930,50,0x00411961,FUN_00411930,dxball_initialize_board,boards,exact,100.00,__cdecl,,false,src/boards.c,docs/KNOWLEDGE_BASE.md; target x86 differential oracle,boards,board index 0..49; complete extent and relocations reviewed; canonical cold VC4.0 replay
0x00411970,113,0x004119E0,FUN_00411970,dxball_draw_board,boards,semantic,0.00,__cdecl,,false,src/boards.c,docs/KNOWLEDGE_BASE.md; target x86 differential oracle,boards,valid grid; rendering call trace
0x004119F0,1349,0x00411F34,FUN_004119f0,dxball_draw_board_tile,boards,semantic,0.00,__cdecl,,false,src/boards.c,docs/KNOWLEDGE_BASE.md; target x86 differential oracle,boards,x/y 0..19; tile bytes 0..255; rendering call trace
0x00411F40,1315,0x00412462,FUN_00411f40,dxball_hit_board_tile,gameplay,semantic,0.00,__cdecl,"DxBallInt dxball_hit_board_tile(DxBallInt x, DxBallInt y)",false,src/gameplay.c,docs/GAMEPLAY_OWNER.md; REA ev_d09866ff22dc07f3ac28ef1d992c5876c1e58e1796dbe0f0c5c2814544aa27eb,gameplay,REA/Ghidra reports noncontiguous body: 1244 owned bytes in 1315-byte span; ranges 0x411F40..0x4123EE and 0x412436..0x412462; source has semantic acceptance only
0x00412470,146,0x00412501,FUN_00412470,dxball_append_explosion,gameplay,exact,100.00,__fastcall,DxBallInt __fastcall dxball_append_explosion(DxBallExplosionList *list),false,src/gameplay.c,docs/GAMEPLAY_OWNER.md; REA ev_4e8d52c7cb6398fdd93ddd2d9018f42208554126966f47176e512a58d444929f,gameplay,Complete COMDAT cold VC4.0 replay; scoped semantic target execution
0x00412510,120,0x00412587,FUN_00412510,dxball_process_brick_effects,effects,exact,100.00,__cdecl,void dxball_process_brick_effects(void),false,src/effects.c,docs/EFFECTS_OWNER.md; REA ev_889bc398a93966a7b706e27e6b7af68c1e69a512723b0b40314765bcbfb57783,effects,REA/Ghidra reconciled 115 owned bytes in 120-byte span; complete COMDAT cold replay
0x00412590,89,0x004125E8,FUN_00412590,dxball_advance_brick_effect,effects,exact,100.00,__fastcall,DxBallInt __fastcall dxball_advance_brick_effect(DxBallBrickEffectList *list),false,src/effects.c,docs/EFFECTS_OWNER.md; REA ev_886d6a238cd487da7ef3206c31fc47d874df216f023047d55b62188f86c7c1da,effects,REA/Ghidra reconciled 89 owned bytes in 89-byte span; complete COMDAT cold replay
0x004125F0,149,0x00412684,FUN_004125f0,dxball_spawn_explosion_effect,effects,exact,100.00,__cdecl,"void dxball_spawn_explosion_effect(DxBallInt x, DxBallInt y)",false,src/effects.c,docs/EFFECTS_OWNER.md; REA ev_0e1624eafd38ad8ab2071252d96c8d58dc5a395fac02ff842dfc9d61f4ef0f6d,effects,REA/Ghidra reconciled 149 owned bytes in 149-byte span; complete COMDAT cold replay
0x00412690,146,0x00412721,FUN_00412690,dxball_append_brick_effect,effects,exact,100.00,__fastcall,DxBallInt __fastcall dxball_append_brick_effect(DxBallBrickEffectList *list),false,src/effects.c,docs/EFFECTS_OWNER.md; REA ev_6a32fd651ca3a7fb5d9cfda71f66a09b545b0a7baf59e584310935a7953e64af,effects,REA/Ghidra reconciled 146 owned bytes in 146-byte span; complete COMDAT cold replay
0x00412730,797,0x00412A4C,FUN_00412730,dxball_step_explosion_effect,effects,semantic,0.00,__cdecl,void dxball_step_explosion_effect(void),false,src/effects.c,docs/EFFECTS_OWNER.md; REA ev_b10ee96258ecd655c8f9258fc4ae6cb2c52939077283dc0409f9f912688f79b3,effects,REA/Ghidra reconciled 797 owned bytes in 797-byte span; scoped semantic acceptance only
0x00412A50,220,0x00412B2B,FUN_00412a50,dxball_remove_brick_effect,effects,semantic,0.00,__fastcall,DxBallInt __fastcall dxball_remove_brick_effect(DxBallBrickEffectList *list),false,src/effects.c,docs/EFFECTS_OWNER.md; REA ev_15590b4df69e7901145c02e294dca11e8f4f9c5be7675b3a332149d8dddde90e,effects,REA/Ghidra reconciled 215 owned bytes in 220-byte span; scoped semantic acceptance only
0x00412B30,99,0x00412B92,FUN_00412b30,dxball_queue_explosion_at,gameplay,semantic,0.00,__cdecl,"void dxball_queue_explosion_at(DxBallInt x, DxBallInt y)",false,src/gameplay.c,docs/EFFECTS_OWNER.md; REA ev_f0995a29d766938cd1cbe47ce792d20976af9379bea1da71164921488da80844,gameplay,REA/Ghidra reconciled 99 owned bytes in 99-byte span; complete COMDAT cold replay
0x00412BA0,259,0x00412CA2,FUN_00412ba0,dxball_spawn_brick_effect,effects,semantic,0.00,__cdecl,"void dxball_spawn_brick_effect(DxBallInt x, DxBallInt y, DxBallByte tile, DxBallInt mode)",false,src/effects.c,docs/EFFECTS_OWNER.md; REA ev_49448d4e201f7fd4da584beaa1c1bfe2fef9bdf63fbc3afb0b03b46c5275ee0a,effects,REA/Ghidra reconciled 259 owned bytes in 259-byte span; scoped semantic acceptance only
0x00412CB0,313,0x00412DE8,FUN_00412cb0,dxball_step_brick_effect,effects,semantic,0.00,__cdecl,void dxball_step_brick_effect(void),false,src/effects.c,docs/EFFECTS_OWNER.md; REA ev_ddb63b6637b595283546b24dd97e5dba3e2af6a5b63142902883b2e6aa6dd702,effects,REA/Ghidra reconciled 313 owned bytes in 313-byte span; scoped semantic acceptance only
0x00412DF0,203,0x00412EBA,FUN_00412df0,dxball_update_paddle_position,paddle,semantic,0.00,cdecl,See src/paddle.h,false,src/paddle.c,docs/POWERUPS_OWNER.md; ev_5be09046f1c60aeabad5697e07a604bbd89c05139b40ac5bda631e4864a44630,paddle,203 owned bytes in 203-byte span; See docs/POWERUPS_OWNER.md; bounded arithmetic and declared controlled dependencies
0x00412EC0,677,0x00413164,FUN_00412ec0,dxball_draw_paddle,runtime,semantic,0.00,cdecl,See src/runtime.h,false,src/runtime.c,docs/RUNTIME_OWNER.md; ev_0b4d5d681d951be5b6a69ac1d9d09db3cc965811c767e0b2b4f7296609cc020a,runtime,677 owned bytes in 677-byte span; See docs/RUNTIME_OWNER.md; bounded valid state and explicit configured resource/backend/non-game-mode boundaries
0x00413170,328,0x004132B7,FUN_00413170,dxball_update_projectiles,core,semantic,0.00,cdecl,See src/core.h,false,src/core.c,docs/CORE_OWNER.md; ev_412b7a2d61e8a498417dca7a456838ed290b17317e4af4585d8b936b69b07495,core,328 owned bytes in 328-byte span; See docs/CORE_OWNER.md; bounded valid state and explicit configured frame/platform dependencies
0x004132C0,321,0x00413400,FUN_004132c0,dxball_fire_projectiles,core,semantic,0.00,cdecl,See src/core.h,false,src/core.c,docs/CORE_OWNER.md; ev_d275b4fccde79ffde5a3244ff97e0be0c15cb85b03419d0c9425acb9c579b1b4,core,321 owned bytes in 321-byte span; See docs/CORE_OWNER.md; bounded valid state and explicit configured frame/platform dependencies
0x00413410,146,0x004134A1,FUN_00413410,,,unclassified,0.00,,,false,,Ghidra 12.1.3 auto-analysis candidate; boundary unreviewed,,
0x004134B0,32,0x004134CF,FUN_004134b0,,,unclassified,0.00,,,false,,Ghidra 12.1.3 auto-analysis candidate; boundary unreviewed,,
0x004134D0,220,0x004135AB,FUN_004134d0,,,unclassified,0.00,,,false,,Ghidra 12.1.3 auto-analysis candidate; boundary unreviewed,,
0x004135B0,185,0x00413668,FUN_004135b0,dxball_spawn_fire_effect,core,semantic,0.00,cdecl,See src/core.h,false,src/core.c,docs/CORE_OWNER.md; ev_875ff3c542a834d79e1f45f8f9b68dd1ae6e354b32f2a0de4300bb862819716e,core,185 owned bytes in 185-byte span; See docs/CORE_OWNER.md; bounded valid state and explicit configured frame/platform dependencies
0x00413670,146,0x00413701,FUN_00413670,,,unclassified,0.00,,,false,,Ghidra 12.1.3 auto-analysis candidate; boundary unreviewed,,
0x00413710,124,0x0041378B,FUN_00413710,dxball_process_fire_effects,core,semantic,0.00,cdecl,See src/core.h,false,src/core.c,docs/CORE_OWNER.md; ev_9e33b3e41981c17ce9b99bb5029edf970e747c87fe3c82b3d6bcc19d45443a84,core,124 owned bytes in 124-byte span; See docs/CORE_OWNER.md; bounded valid state and explicit configured frame/platform dependencies
0x00413790,220,0x0041386B,FUN_00413790,,,unclassified,0.00,,,false,,Ghidra 12.1.3 auto-analysis candidate; boundary unreviewed,,
0x00413870,89,0x004138C8,FUN_00413870,,,unclassified,0.00,,,false,,Ghidra 12.1.3 auto-analysis candidate; boundary unreviewed,,
0x004138D0,1197,0x00413D7C,FUN_004138d0,dxball_generate_bonus,bonuses,semantic,0.00,__cdecl,"void dxball_generate_bonus(DxBallInt x, DxBallInt y, DxBallInt dx, DxBallInt dy)",false,src/bonuses.c,docs/ENTITIES_OWNER.md; REA ev_ef8ebb1d4341bf24e0f31fba3bfb64c963503539c43bd3f13e61c367b4d84aed,bonuses,REA/Ghidra reconciled 1116 owned bytes in 1197-byte span; scoped semantic acceptance only
0x00413D80,146,0x00413E11,FUN_00413d80,dxball_append_bonus,bonuses,exact,100.00,__fastcall,DxBallInt __fastcall dxball_append_bonus(DxBallBonusList *list),false,src/bonuses.c,docs/ENTITIES_OWNER.md; REA ev_4fc477413a3cc27f679939d9c009896ebe04d9188e4302c056852028388321a9,bonuses,REA/Ghidra reconciled 146 owned bytes in 146-byte span; complete COMDAT cold replay
0x00413E20,2168,0x00414697,FUN_00413e20,dxball_update_bonuses,bonuses,semantic,0.00,cdecl,See src/bonuses.h,false,src/bonuses.c,docs/POWERUPS_OWNER.md; ev_927b00b89e0931308e5cd78eb83b9e33a11d5e7c63e32d7d9da49f53ca6f81cf,bonuses,2087 owned bytes in 2168-byte span; See docs/POWERUPS_OWNER.md; bounded arithmetic and declared controlled dependencies
0x004146A0,57,0x004146D8,FUN_004146a0,dxball_begin_bonuses,bonuses,exact,100.00,__fastcall,DxBallInt __fastcall dxball_begin_bonuses(DxBallBonusList *list),false,src/bonuses.c,docs/ENTITIES_OWNER.md; REA ev_7200f1d8c975df601b205d3934efd146c77feef3869132c72b82a77eddb889c5,bonuses,REA/Ghidra reconciled 57 owned bytes in 57-byte span; complete COMDAT cold replay
0x004146E0,89,0x00414738,FUN_004146e0,dxball_advance_bonus,bonuses,exact,100.00,__fastcall,DxBallInt __fastcall dxball_advance_bonus(DxBallBonusList *list),false,src/bonuses.c,docs/ENTITIES_OWNER.md; REA ev_4c71c8001b1066592397096ca4fe4617295a41270a79d68c527ae7f3bf131162,bonuses,REA/Ghidra reconciled 89 owned bytes in 89-byte span; complete COMDAT cold replay
0x00414740,87,0x00414796,FUN_00414740,dxball_draw_bonuses,bonuses,semantic,0.00,__cdecl,void dxball_draw_bonuses(void),false,src/bonuses.c,docs/ENTITIES_OWNER.md; REA ev_18c8a1b160ceda205898808260e4886bf6c68f56001a7444f7b169469928c029,bonuses,REA/Ghidra reconciled 87 owned bytes in 87-byte span; scoped semantic acceptance only
0x004147A0,32,0x004147BF,FUN_004147a0,dxball_retire_bonus,bonuses,exact,100.00,__cdecl,void dxball_retire_bonus(void),false,src/bonuses.c,docs/ENTITIES_OWNER.md; REA ev_d54f984055c1f61fdaea407b4d29928c71f9dc724f09b472e63e0001da6df5b7,bonuses,REA/Ghidra reconciled 32 owned bytes in 32-byte span; complete COMDAT cold replay
0x004147C0,220,0x0041489B,FUN_004147c0,dxball_remove_bonus,bonuses,semantic,0.00,__fastcall,DxBallInt __fastcall dxball_remove_bonus(DxBallBonusList *list),false,src/bonuses.c,docs/ENTITIES_OWNER.md; REA ev_b1a3e59b2e4a28cee43842cefa27a736625c049bade614e71c11c6e452e3e0a1,bonuses,REA/Ghidra reconciled 215 owned bytes in 220-byte span; scoped semantic acceptance only
0x004148A0,179,0x00414952,FUN_004148a0,dxball_spawn_particle,particles,exact,100.00,__cdecl,"void dxball_spawn_particle(DxBallInt x, DxBallInt y, DxBallInt dx, DxBallInt dy, DxBallInt color, DxBallInt gravity)",false,src/particles.c,docs/ENTITIES_OWNER.md; REA ev_4d35e69679c1f453b47c74c9e927ba93112cdd0dbad1d97ccb36e7b82ceeefff,particles,REA/Ghidra reconciled 179 owned bytes in 179-byte span; complete COMDAT cold replay
0x00414960,146,0x004149F1,FUN_00414960,dxball_append_particle,particles,exact,100.00,__fastcall,DxBallInt __fastcall dxball_append_particle(DxBallParticleList *list),false,src/particles.c,docs/ENTITIES_OWNER.md; REA ev_f0a14ca1d6a7e5734bfb86fbda96ab6446e8053561c412ff5119c3b3cd76559c,particles,REA/Ghidra reconciled 146 owned bytes in 146-byte span; complete COMDAT cold replay
0x00414A00,298,0x00414B29,FUN_00414a00,dxball_update_particles,particles,exact,100.00,__cdecl,void dxball_update_particles(void),false,src/particles.c,docs/ENTITIES_OWNER.md; REA ev_8eb54857bbb5f5105e0c93e144024b4cbeed3925d1203c2d49e611908206de9a,particles,REA/Ghidra reconciled 298 owned bytes in 298-byte span; complete COMDAT cold replay
0x00414B30,220,0x00414C0B,FUN_00414b30,dxball_remove_particle,particles,semantic,0.00,__fastcall,DxBallInt __fastcall dxball_remove_particle(DxBallParticleList *list),false,src/particles.c,docs/ENTITIES_OWNER.md; REA ev_e30c638667b1f7ce3a2fef6c243992dda3d59bad3a57a76cf426638f84129055,particles,REA/Ghidra reconciled 215 owned bytes in 220-byte span; scoped semantic acceptance only
0x00414C10,57,0x00414C48,FUN_00414c10,dxball_begin_particles,particles,exact,100.00,__fastcall,DxBallInt __fastcall dxball_begin_particles(DxBallParticleList *list),false,src/particles.c,docs/ENTITIES_OWNER.md; REA ev_737ebc4fa238049f19b2ccbe3b3093cbbbe34697b4d040dd4a29c65cc352793d,particles,REA/Ghidra reconciled 57 owned bytes in 57-byte span; complete COMDAT cold replay
0x00414C50,89,0x00414CA8,FUN_00414c50,dxball_advance_particle,particles,exact,100.00,__fastcall,DxBallInt __fastcall dxball_advance_particle(DxBallParticleList *list),false,src/particles.c,docs/ENTITIES_OWNER.md; REA ev_64bcf8c88bd3b67f1ef9bea35c6ce9f3095290845b0ab61c339f0634c812b2f9,particles,REA/Ghidra reconciled 89 owned bytes in 89-byte span; complete COMDAT cold replay
0x00414CB0,320,0x00414DEF,FUN_00414cb0,dxball_draw_particles,particles,semantic,0.00,__cdecl,void dxball_draw_particles(void),false,src/particles.c,docs/ENTITIES_OWNER.md; REA ev_78508bf5cd7a13bba8f876482f913dfeffc0fee30ef126fc6a216c32b14bca6e,particles,REA/Ghidra reconciled 320 owned bytes in 320-byte span; scoped semantic acceptance only
0x00414DF0,637,0x0041506C,FUN_00414df0,dxball_clone_balls,balls,semantic,0.00,cdecl,See src/balls.h,false,src/balls.c,docs/POWERUPS_OWNER.md; ev_82922c280cc6891fafb4d3e9d135352e6b4541f3309f61a8e6c06abf7a615da8,balls,637 owned bytes in 637-byte span; See docs/POWERUPS_OWNER.md; bounded arithmetic and declared controlled dependencies
0x00415070,48,0x0041509F,FUN_00415070,dxball_clear_ball_list,balls,exact,100.00,fastcall,See src/balls.h,false,src/balls.c,docs/POWERUPS_OWNER.md; ev_2b488b414ef253dd6f2fa64a0d106e1fa3cf7cb3180733f969a4bb32c6b16425,balls,48 owned bytes in 48-byte span; See docs/POWERUPS_OWNER.md; bounded arithmetic and declared controlled dependencies
0x004150A0,824,0x004153D7,FUN_004150a0,dxball_spread_explosive_bricks,gameplay,semantic,0.00,cdecl,See src/gameplay.h,false,src/gameplay.c,docs/POWERUPS_OWNER.md; ev_3d377be2b21a0bacfa9d8a165f08def8fa9f77830b0d0fe671d3aaedbf5ac7cf,gameplay,824 owned bytes in 824-byte span; See docs/POWERUPS_OWNER.md; bounded arithmetic and declared controlled dependencies
0x004153E0,48,0x0041540F,FUN_004153e0,dxball_clear_explosion_list,gameplay,exact,100.00,fastcall,See src/gameplay.h,false,src/gameplay.c,docs/POWERUPS_OWNER.md; ev_f6ca939462f1939faaf7ee83637adee102af92a1397958a9805a9a716417e5e0,gameplay,48 owned bytes in 48-byte span; See docs/POWERUPS_OWNER.md; bounded arithmetic and declared controlled dependencies
0x00415410,397,0x0041559C,FUN_00415410,dxball_soften_special_bricks,gameplay,semantic,0.00,cdecl,See src/gameplay.h,false,src/gameplay.c,docs/POWERUPS_OWNER.md; ev_2658970814be31782b2c65645873f87b091af5efdba4f7936cd30159a223cf4b,gameplay,397 owned bytes in 397-byte span; See docs/POWERUPS_OWNER.md; bounded arithmetic and declared controlled dependencies
0x004155A0,139,0x0041562A,FUN_004155a0,dxball_scan_explosive_tiles,gameplay,exact,100.00,__cdecl,void dxball_scan_explosive_tiles(void),false,src/gameplay.c,docs/GAMEPLAY_OWNER.md; REA ev_0b89bb714a56483d674b64accbc32f8de26c976f450c9680e3078d60293643a4,gameplay,REA complete 139-byte body; signed byte compare and terminal epilogue jump; cold full-COMDAT VC4.0 exact replay
0x00415630,64,0x0041566F,FUN_00415630,,,unclassified,0.00,,,false,,Ghidra 12.1.3 auto-analysis candidate; boundary unreviewed,,
0x00415670,426,0x00415819,FUN_00415670,dxball_drop_bricks,core,semantic,0.00,cdecl,See src/core.h,false,src/core.c,docs/CORE_OWNER.md; ev_8602dd7fec1b8aff85a2c581b96d7a85bcf62a791d3741ecaecd0c5a411812fc,core,426 owned bytes in 426-byte span; See docs/CORE_OWNER.md; bounded valid state and explicit configured frame/platform dependencies
0x00415820,84,0x00415873,FUN_00415820,dxball_release_attached_balls,balls,exact,100.00,cdecl,See src/balls.h,false,src/balls.c,docs/POWERUPS_OWNER.md; ev_87baad441437023715a9e29bebce7676439ea8bb7fda9ab3704dc3c9699fe754,balls,84 owned bytes in 84-byte span; See docs/POWERUPS_OWNER.md; bounded arithmetic and declared controlled dependencies
0x00415880,74,0x004158C9,FUN_00415880,dxball_refresh_score,runtime,semantic,0.00,cdecl,See src/runtime.h,false,src/runtime.c,docs/RUNTIME_OWNER.md; ev_f58f31dcc563b9653e897718b068dc40ec22843226aefb9e5dceaa2f4c366c90,runtime,74 owned bytes in 74-byte span; See docs/RUNTIME_OWNER.md; bounded valid state and explicit configured resource/backend/non-game-mode boundaries
0x004158D0,433,0x00415A80,FUN_004158d0,dxball_draw_score,runtime,semantic,0.00,cdecl,See src/runtime.h,false,src/runtime.c,docs/RUNTIME_OWNER.md; ev_5bd8ce0bb9a8d5a889e6d06e213d148ea1bd2ad54e5d755b82c7705c50cfff4c,runtime,433 owned bytes in 433-byte span; See docs/RUNTIME_OWNER.md; bounded valid state and explicit configured resource/backend/non-game-mode boundaries
0x00415A90,149,0x00415B24,FUN_00415a90,dxball_count_destructible_bricks,gameplay,semantic,0.00,cdecl,See src/gameplay.h,false,src/gameplay.c,docs/POWERUPS_OWNER.md; ev_a3ef22630731d5acabc8242cde15f9f53faed00efd493b43428731c7a2caa2dc,gameplay,149 owned bytes in 149-byte span; See docs/POWERUPS_OWNER.md; bounded arithmetic and declared controlled dependencies
0x00415B30,123,0x00415BAA,FUN_00415b30,dxball_advance_level,round,semantic,0.00,cdecl,See src/round.h,false,src/round.c,docs/POWERUPS_OWNER.md; ev_10dedc1278e4815286d503ac118934dbfa5686b95b7ab47456756e5f5df0672a,round,123 owned bytes in 123-byte span; See docs/POWERUPS_OWNER.md; bounded arithmetic and declared controlled dependencies
0x00415BB0,81,0x00415C00,FUN_00415bb0,dxball_lose_life,round,semantic,0.00,cdecl,See src/round.h,false,src/round.c,docs/POWERUPS_OWNER.md; ev_fa22e3d77987a1e02fa7436c87dfc635c546f7a333ce9e25e2b3561940374fb9,round,81 owned bytes in 81-byte span; See docs/POWERUPS_OWNER.md; bounded arithmetic and declared controlled dependencies
0x00415C10,46,0x00415C3D,FUN_00415c10,dxball_finish_game,runtime,semantic,0.00,cdecl,See src/runtime.h,false,src/runtime.c,docs/RUNTIME_OWNER.md; ev_38805c95418919116424ecc4729962d9da487a44a77a72a1b06608165afffaab,runtime,46 owned bytes in 46-byte span; See docs/RUNTIME_OWNER.md; bounded valid state and explicit configured resource/backend/non-game-mode boundaries
0x00415C40,426,0x00415DE9,FUN_00415c40,dxball_reset_round,runtime,semantic,0.00,cdecl,See src/runtime.h,false,src/runtime.c,docs/RUNTIME_OWNER.md; ev_b1e60404eed3263e429779d493ed38ef1ee1290f2a0e3d31ac348647d03e946f,runtime,426 owned bytes in 426-byte span; See docs/RUNTIME_OWNER.md; bounded valid state and explicit configured resource/backend/non-game-mode boundaries
0x00415DF0,327,0x00415F36,FUN_00415df0,dxball_restart_round,runtime,semantic,0.00,cdecl,See src/runtime.h,false,src/runtime.c,docs/RUNTIME_OWNER.md; ev_7c445e5d515f3a15804b10c82ed404e443f39953efa2f8d7add2449b832c3731,runtime,327 owned bytes in 327-byte span; See docs/RUNTIME_OWNER.md; bounded valid state and explicit configured resource/backend/non-game-mode boundaries
0x00415F40,1057,0x00416360,FUN_00415f40,dxball_last_brick,display,semantic,0.00,cdecl,See src/display.h,false,src/display.c,docs/DISPLAY_OWNER.md; ev_f8610be2baa2323aec8fcd14317794aebe74eefa78b4d66c9cf874ca117eb5bc,display,1057 owned bytes in 1057-byte span; See docs/DISPLAY_OWNER.md; bounded valid rectangle/count/clock state and explicit configured COM/audio/recovery/UI boundaries
0x00416370,186,0x00416429,FUN_00416370,dxball_draw_last_brick,display,semantic,0.00,cdecl,See src/display.h,false,src/display.c,docs/DISPLAY_OWNER.md; ev_63003d5621ef73504e785882f80a70043ccee9a339118544b722116d679ac13d,display,186 owned bytes in 186-byte span; See docs/DISPLAY_OWNER.md; bounded valid rectangle/count/clock state and explicit configured COM/audio/recovery/UI boundaries
0x00416430,112,0x0041649F,FUN_00416430,dxball_dispose_game,runtime,semantic,0.00,cdecl,See src/runtime.h,false,src/runtime.c,docs/RUNTIME_OWNER.md; ev_6cd0575b1e5a42d65bb1061f6443204f9f12afdbd651badd502fd0edc5d502b3,runtime,112 owned bytes in 112-byte span; See docs/RUNTIME_OWNER.md; bounded valid state and explicit configured resource/backend/non-game-mode boundaries
0x004164A0,106,0x00416509,FUN_004164a0,dxball_clear_all_entities,runtime,semantic,0.00,cdecl,See src/runtime.h,false,src/runtime.c,docs/RUNTIME_OWNER.md; ev_ec6f209a3116f545cd612d3e34e16b25c30d54c60708744e4d82883fb47b2eaa,runtime,106 owned bytes in 106-byte span; See docs/RUNTIME_OWNER.md; bounded valid state and explicit configured resource/backend/non-game-mode boundaries
0x00416510,48,0x0041653F,FUN_00416510,,,unclassified,0.00,,,false,,Ghidra 12.1.3 auto-analysis candidate; boundary unreviewed,,
0x00416540,48,0x0041656F,FUN_00416540,,,unclassified,0.00,,,false,,Ghidra 12.1.3 auto-analysis candidate; boundary unreviewed,,
0x00416570,48,0x0041659F,FUN_00416570,,,unclassified,0.00,,,false,,Ghidra 12.1.3 auto-analysis candidate; boundary unreviewed,,
0x004165A0,48,0x004165CF,FUN_004165a0,,,unclassified,0.00,,,false,,Ghidra 12.1.3 auto-analysis candidate; boundary unreviewed,,
0x004165D0,48,0x004165FF,FUN_004165d0,,,unclassified,0.00,,,false,,Ghidra 12.1.3 auto-analysis candidate; boundary unreviewed,,
0x00416600,6,0x00416605,DDRAW.DLL::DirectDrawCreate,,,unclassified,0.00,,,true,,Ghidra 12.1.3 auto-analysis candidate; boundary unreviewed,,
0x00416606,6,0x0041660B,DSOUND.DLL::DirectSoundCreate,,,unclassified,0.00,,,true,,Ghidra 12.1.3 auto-analysis candidate; boundary unreviewed,,
0x00416610,334,0x0041675D,FID_conflict:_memcpy,,,unclassified,0.00,,,false,,Ghidra 12.1.3 auto-analysis candidate; boundary unreviewed,,
0x00416760,14,0x0041676D,FUN_00416760,,,unclassified,0.00,,,false,,Ghidra 12.1.3 auto-analysis candidate; boundary unreviewed,,
0x00416770,16,0x0041677F,FUN_00416770,,,unclassified,0.00,,,false,,Ghidra 12.1.3 auto-analysis candidate; boundary unreviewed,,
0x00416780,10,0x00416789,FUN_00416780,,,unclassified,0.00,,,false,,Ghidra 12.1.3 auto-analysis candidate; boundary unreviewed,,
0x0041678C,39,0x004167B2,__ftol,,,unclassified,0.00,,,false,,Ghidra 12.1.3 auto-analysis candidate; boundary unreviewed,,
0x004167C0,10,0x004167C9,FUN_004167c0,,,unclassified,0.00,,,false,,Ghidra 12.1.3 auto-analysis candidate; boundary unreviewed,,
0x004167CA,7,0x004167D0,FUN_004167ca,,,unclassified,0.00,,,false,,Ghidra 12.1.3 auto-analysis candidate; boundary unreviewed,,
0x004167F0,279,0x00416906,FUN_004167f0,,,unclassified,0.00,,,false,,Ghidra 12.1.3 auto-analysis candidate; boundary unreviewed,,
0x00416DA6,19,0x00416DB8,__fdivp_sti_st,,,unclassified,0.00,,,false,,Ghidra 12.1.3 auto-analysis candidate; boundary unreviewed,,
0x00416DB9,19,0x00416DCB,__fdivrp_sti_st,,,unclassified,0.00,,,false,,Ghidra 12.1.3 auto-analysis candidate; boundary unreviewed,,
0x00416DCC,76,0x00416E17,__adj_fdiv_m32,,,unclassified,0.00,,,false,,Ghidra 12.1.3 auto-analysis candidate; boundary unreviewed,,
0x00416E18,76,0x00416E63,__adj_fdiv_m64,,,unclassified,0.00,,,false,,Ghidra 12.1.3 auto-analysis candidate; boundary unreviewed,,
0x00416E98,52,0x00416ECB,__adj_fdiv_m32i,,,unclassified,0.00,,,false,,Ghidra 12.1.3 auto-analysis candidate; boundary unreviewed,,
0x00416ECC,76,0x00416F17,__adj_fdivr_m32,,,unclassified,0.00,,,false,,Ghidra 12.1.3 auto-analysis candidate; boundary unreviewed,,
0x00416F18,76,0x00416F63,FUN_00416f18,,,unclassified,0.00,,,false,,Ghidra 12.1.3 auto-analysis candidate; boundary unreviewed,,
0x00417580,23,0x00417596,__fpmath,,,unclassified,0.00,,,false,,Ghidra 12.1.3 auto-analysis candidate; boundary unreviewed,,
0x004175B0,56,0x004175E7,FUN_004175b0,,,unclassified,0.00,,,false,,Ghidra 12.1.3 auto-analysis candidate; boundary unreviewed,,
0x00417608,10,0x00417611,FUN_00417608,,,unclassified,0.00,,,false,,Ghidra 12.1.3 auto-analysis candidate; boundary unreviewed,,
0x00417640,10,0x00417649,FUN_00417640,,,unclassified,0.00,,,false,,Ghidra 12.1.3 auto-analysis candidate; boundary unreviewed,,
0x00417660,229,0x00417744,_fabs,,,unclassified,0.00,,,false,,Ghidra 12.1.3 auto-analysis candidate; boundary unreviewed,,
0x00417750,24,0x00417767,FUN_00417750,,,unclassified,0.00,,,false,,Ghidra 12.1.3 auto-analysis candidate; boundary unreviewed,,
0x00417770,20,0x00417783,FUN_00417770,,,unclassified,0.00,,,false,,Ghidra 12.1.3 auto-analysis candidate; boundary unreviewed,,
0x00417790,64,0x004177CF,FUN_00417790,,,unclassified,0.00,,,false,,Ghidra 12.1.3 auto-analysis candidate; boundary unreviewed,,
0x004177D0,21,0x004177E4,FUN_004177d0,,,unclassified,0.00,,,false,,Ghidra 12.1.3 auto-analysis candidate; boundary unreviewed,,
0x004177F0,7,0x004177F6,FUN_004177f0,,,unclassified,0.00,,,false,,Ghidra 12.1.3 auto-analysis candidate; boundary unreviewed,,
0x004177F8,224,0x004178D7,FUN_004177f8,,,unclassified,0.00,,,false,,Ghidra 12.1.3 auto-analysis candidate; boundary unreviewed,,
0x004178E0,48,0x0041790F,FUN_004178e0,,,unclassified,0.00,,,false,,Ghidra 12.1.3 auto-analysis candidate; boundary unreviewed,,
0x00417910,18,0x00417921,FUN_00417910,,,unclassified,0.00,,,false,,Ghidra 12.1.3 auto-analysis candidate; boundary unreviewed,,
0x00417930,18,0x00417941,__exit,,,unclassified,0.00,,,false,,Ghidra 12.1.3 auto-analysis candidate; boundary unreviewed,,
0x00417950,128,0x004179CF,FUN_00417950,,,unclassified,0.00,,,false,,Ghidra 12.1.3 auto-analysis candidate; boundary unreviewed,,
0x004179D0,32,0x004179EF,FUN_004179d0,,,unclassified,0.00,,,false,,Ghidra 12.1.3 auto-analysis candidate; boundary unreviewed,,
0x004179F0,10,0x004179F9,FUN_004179f0,,,unclassified,0.00,,,false,,Ghidra 12.1.3 auto-analysis candidate; boundary unreviewed,,
0x00417A00,42,0x00417A29,_rand,,,unclassified,0.00,,,false,,Ghidra 12.1.3 auto-analysis candidate; boundary unreviewed,,
0x00417A30,112,0x00417A9F,_fclose,,,unclassified,0.00,,,false,,Ghidra 12.1.3 auto-analysis candidate; boundary unreviewed,,
0x00417AA0,326,0x00417BE5,__fread_lk,,,unclassified,0.00,,,false,,Ghidra 12.1.3 auto-analysis candidate; boundary unreviewed,,
0x00417BF0,37,0x00417C14,__fsopen,,,unclassified,0.00,,,false,,Ghidra 12.1.3 auto-analysis candidate; boundary unreviewed,,
0x00417C20,21,0x00417C34,FUN_00417c20,,,unclassified,0.00,,,false,,Ghidra 12.1.3 auto-analysis candidate; boundary unreviewed,,
0x00417C40,88,0x00417C97,_memset,,,unclassified,0.00,,,false,,Ghidra 12.1.3 auto-analysis candidate; boundary unreviewed,,
0x00417CA0,334,0x00417DED,FID_conflict:_memcpy,,,unclassified,0.00,,,false,,Ghidra 12.1.3 auto-analysis candidate; boundary unreviewed,,
0x00417DF0,119,0x00417E66,FUN_00417df0,,,unclassified,0.00,,,false,,Ghidra 12.1.3 auto-analysis candidate; boundary unreviewed,,
0x00417E70,381,0x00417FEC,FUN_00417e70,,,unclassified,0.00,,,false,,Ghidra 12.1.3 auto-analysis candidate; boundary unreviewed,,
0x00417FF0,77,0x0041803C,FUN_00417ff0,,,unclassified,0.00,,,false,,Ghidra 12.1.3 auto-analysis candidate; boundary unreviewed,,
0x00418040,229,0x00418124,FID_conflict:__toupper_lk,,,unclassified,0.00,,,false,,Ghidra 12.1.3 auto-analysis candidate; boundary unreviewed,,
0x00418130,229,0x00418214,FID_conflict:_tolower,,,unclassified,0.00,,,false,,Ghidra 12.1.3 auto-analysis candidate; boundary unreviewed,,
0x00418220,240,0x0041830F,__filbuf,,,unclassified,0.00,,,false,,Ghidra 12.1.3 auto-analysis candidate; boundary unreviewed,,
0x00418310,153,0x004183A8,FUN_00418310,,,unclassified,0.00,,,false,,Ghidra 12.1.3 auto-analysis candidate; boundary unreviewed,,
0x004183AC,32,0x004183CB,__global_unwind2,,,unclassified,0.00,,,false,,Ghidra 12.1.3 auto-analysis candidate; boundary unreviewed,,
0x004183EE,104,0x00418455,__local_unwind2,,,unclassified,0.00,,,false,,Ghidra 12.1.3 auto-analysis candidate; boundary unreviewed,,
0x00418456,35,0x00418478,__abnormal_termination,,,unclassified,0.00,,,false,,Ghidra 12.1.3 auto-analysis candidate; boundary unreviewed,,
0x00418479,9,0x00418481,FUN_00418479,,,unclassified,0.00,,,false,,Ghidra 12.1.3 auto-analysis candidate; boundary unreviewed,,
0x00418482,24,0x00418499,FUN_00418482,,,unclassified,0.00,,,false,,Ghidra 12.1.3 auto-analysis candidate; boundary unreviewed,,
0x004184A0,46,0x004184CD,_JumpToContinuation,,,unclassified,0.00,,,false,,Ghidra 12.1.3 auto-analysis candidate; boundary unreviewed,,
0x004184E0,7,0x004184E6,_CallMemberFunction0,,,unclassified,0.00,,,false,,Ghidra 12.1.3 auto-analysis candidate; boundary unreviewed,,
0x004184F0,7,0x004184F6,FID_conflict:_CallMemberFunction1,,,unclassified,0.00,,,false,,Ghidra 12.1.3 auto-analysis candidate; boundary unreviewed,,
0x00418500,7,0x00418506,FID_conflict:_CallMemberFunction1,,,unclassified,0.00,,,false,,Ghidra 12.1.3 auto-analysis candidate; boundary unreviewed,,
0x00418510,81,0x00418560,_UnwindNestedFrames,,,unclassified,0.00,,,false,,Ghidra 12.1.3 auto-analysis candidate; boundary unreviewed,,
0x00418570,60,0x004185AB,___CxxFrameHandler,,,unclassified,0.00,,,false,,Ghidra 12.1.3 auto-analysis candidate; boundary unreviewed,,
0x004185B0,98,0x00418611,_CallCatchBlock2,,,unclassified,0.00,,,false,,Ghidra 12.1.3 auto-analysis candidate; boundary unreviewed,,
0x00418650,209,0x00418720,_CallSETranslator,,,unclassified,0.00,,,false,,Ghidra 12.1.3 auto-analysis candidate; boundary unreviewed,,
0x00418730,98,0x00418791,TranslatorGuardHandler,,,unclassified,0.00,,,false,,Ghidra 12.1.3 auto-analysis candidate; boundary unreviewed,,
0x004187A0,390,0x00418925,entry,,,unclassified,0.00,,,false,,Ghidra 12.1.3 auto-analysis candidate; boundary unreviewed,,
0x00418930,38,0x00418955,__amsg_exit,,,unclassified,0.00,,,false,,Ghidra 12.1.3 auto-analysis candidate; boundary unreviewed,,
0x00418990,62,0x004189CD,__cintrindisp2,,,unclassified,0.00,,,false,,Ghidra 12.1.3 auto-analysis candidate; boundary unreviewed,,
0x004189CE,54,0x00418A03,__cintrindisp1,,,unclassified,0.00,,,false,,Ghidra 12.1.3 auto-analysis candidate; boundary unreviewed,,
0x00418A04,58,0x00418A3D,__ctrandisp2,,,unclassified,0.00,,,false,,Ghidra 12.1.3 auto-analysis candidate; boundary unreviewed,,
0x00418A3E,7,0x00418A44,FUN_00418a3e,,,unclassified,0.00,,,false,,Ghidra 12.1.3 auto-analysis candidate; boundary unreviewed,,
0x00418A45,304,0x00418B74,FUN_00418a45,,,unclassified,0.00,,,false,,Ghidra 12.1.3 auto-analysis candidate; boundary unreviewed,,
0x00418B75,44,0x00418BA0,__ctrandisp1,,,unclassified,0.00,,,false,,Ghidra 12.1.3 auto-analysis candidate; boundary unreviewed,,
0x00418BA1,60,0x00418BDC,__fload,,,unclassified,0.00,,,false,,Ghidra 12.1.3 auto-analysis candidate; boundary unreviewed,,
0x00418BE0,19,0x00418BF2,__setdefaultprecision,,,unclassified,0.00,,,false,,Ghidra 12.1.3 auto-analysis candidate; boundary unreviewed,,
0x00418C00,79,0x00418C4E,__ms_p5_test_fdiv,,,unclassified,0.00,,,false,,Ghidra 12.1.3 auto-analysis candidate; boundary unreviewed,,
0x00418C50,278,0x00418D65,FUN_00418c50,,,unclassified,0.00,,,false,,Ghidra 12.1.3 auto-analysis candidate; boundary unreviewed,,
0x00418EB0,310,0x00418FE5,__cftoe,,,unclassified,0.00,,,false,,Ghidra 12.1.3 auto-analysis candidate; boundary unreviewed,,
0x00418FF0,251,0x004190EA,__cftof,,,unclassified,0.00,,,false,,Ghidra 12.1.3 auto-analysis candidate; boundary unreviewed,,
0x004190F0,176,0x0041919F,FUN_004190f0,,,unclassified,0.00,,,false,,Ghidra 12.1.3 auto-analysis candidate; boundary unreviewed,,
0x004191A0,43,0x004191CA,__cftoe_g,,,unclassified,0.00,,,false,,Ghidra 12.1.3 auto-analysis candidate; boundary unreviewed,,
0x004191D0,38,0x004191F5,__cftof_g,,,unclassified,0.00,,,false,,Ghidra 12.1.3 auto-analysis candidate; boundary unreviewed,,
0x00419270,43,0x0041929A,__shift,,,unclassified,0.00,,,false,,Ghidra 12.1.3 auto-analysis candidate; boundary unreviewed,,
0x004192DC,48,0x0041930B,FUN_004192dc,,,unclassified,0.00,,,false,,Ghidra 12.1.3 auto-analysis candidate; boundary unreviewed,,
0x0041930C,9,0x00419314,FUN_0041930c,,,unclassified,0.00,,,false,,Ghidra 12.1.3 auto-analysis candidate; boundary unreviewed,,
0x00419370,17,0x00419380,FUN_00419370,,,unclassified,0.00,,,false,,Ghidra 12.1.3 auto-analysis candidate; boundary unreviewed,,
0x00419390,18,0x004193A1,FUN_00419390,,,unclassified,0.00,,,false,,Ghidra 12.1.3 auto-analysis candidate; boundary unreviewed,,
0x004193B0,52,0x004193E3,FUN_004193b0,,,unclassified,0.00,,,false,,Ghidra 12.1.3 auto-analysis candidate; boundary unreviewed,,
0x004193F0,91,0x0041944A,FUN_004193f0,,,unclassified,0.00,,,false,,Ghidra 12.1.3 auto-analysis candidate; boundary unreviewed,,
0x00419450,79,0x0041949E,__handle_qnan1,,,unclassified,0.00,,,false,,Ghidra 12.1.3 auto-analysis candidate; boundary unreviewed,,
0x004194A0,187,0x0041955A,__except1,,,unclassified,0.00,,,false,,Ghidra 12.1.3 auto-analysis candidate; boundary unreviewed,,
0x00419560,858,0x004198B9,FUN_00419560,,,unclassified,0.00,,,false,,Ghidra 12.1.3 auto-analysis candidate; boundary unreviewed,,
0x004198D0,704,0x00419B8F,__handle_exc,,,unclassified,0.00,,,false,,Ghidra 12.1.3 auto-analysis candidate; boundary unreviewed,,
0x00419B90,174,0x00419C3D,__umatherr,,,unclassified,0.00,,,false,,Ghidra 12.1.3 auto-analysis candidate; boundary unreviewed,,
0x00419C40,42,0x00419C69,__set_errno,,,unclassified,0.00,,,false,,Ghidra 12.1.3 auto-analysis candidate; boundary unreviewed,,
0x00419C70,38,0x00419C95,__get_fname,,,unclassified,0.00,,,false,,Ghidra 12.1.3 auto-analysis candidate; boundary unreviewed,,
0x00419CA0,50,0x00419CD1,__errcode,,,unclassified,0.00,,,false,,Ghidra 12.1.3 auto-analysis candidate; boundary unreviewed,,
0x00419CE0,57,0x00419D18,__set_exp,,,unclassified,0.00,,,false,,Ghidra 12.1.3 auto-analysis candidate; boundary unreviewed,,
0x00419D20,99,0x00419D82,__sptype,,,unclassified,0.00,,,false,,Ghidra 12.1.3 auto-analysis candidate; boundary unreviewed,,
0x00419D90,238,0x00419E7D,__decomp,,,unclassified,0.00,,,false,,Ghidra 12.1.3 auto-analysis candidate; boundary unreviewed,,
0x00419E80,21,0x00419E94,FUN_00419e80,,,unclassified,0.00,,,false,,Ghidra 12.1.3 auto-analysis candidate; boundary unreviewed,,
0x00419EA0,33,0x00419EC0,FUN_00419ea0,,,unclassified,0.00,,,false,,Ghidra 12.1.3 auto-analysis candidate; boundary unreviewed,,
0x00419ED0,199,0x00419F96,__close,,,unclassified,0.00,,,false,,Ghidra 12.1.3 auto-analysis candidate; boundary unreviewed,,
0x00419FA0,57,0x00419FD8,__freebuf,,,unclassified,0.00,,,false,,Ghidra 12.1.3 auto-analysis candidate; boundary unreviewed,,
0x00419FE0,76,0x0041A02B,_fflush,,,unclassified,0.00,,,false,,Ghidra 12.1.3 auto-analysis candidate; boundary unreviewed,,
0x0041A030,100,0x0041A093,__flush,,,unclassified,0.00,,,false,,Ghidra 12.1.3 auto-analysis candidate; boundary unreviewed,,
0x0041A0B0,107,0x0041A11A,FUN_0041a0b0,,,unclassified,0.00,,,false,,Ghidra 12.1.3 auto-analysis candidate; boundary unreviewed,,
0x0041A120,611,0x0041A382,FUN_0041a120,,,unclassified,0.00,,,false,,Ghidra 12.1.3 auto-analysis candidate; boundary unreviewed,,
0x0041A390,411,0x0041A52A,__openfile,,,unclassified,0.00,,,false,,Ghidra 12.1.3 auto-analysis candidate; boundary unreviewed,,
0x0041A5A0,126,0x0041A61D,__getstream,,,unclassified,0.00,,,false,,Ghidra 12.1.3 auto-analysis candidate; boundary unreviewed,,
0x0041A620,328,0x0041A767,FUN_0041a620,,,unclassified,0.00,,,false,,Ghidra 12.1.3 auto-analysis candidate; boundary unreviewed,,
0x0041A770,555,0x0041A99A,FUN_0041a770,,,unclassified,0.00,,,false,,Ghidra 12.1.3 auto-analysis candidate; boundary unreviewed,,
0x0041A9A0,102,0x0041AA05,FUN_0041a9a0,,,unclassified,0.00,,,false,,Ghidra 12.1.3 auto-analysis candidate; boundary unreviewed,,
0x0041AA10,555,0x0041AC3A,___crtLCMapStringA,,,unclassified,0.00,,,false,,Ghidra 12.1.3 auto-analysis candidate; boundary unreviewed,,
0x0041AC40,44,0x0041AC6B,_strncnt,,,unclassified,0.00,,,false,,Ghidra 12.1.3 auto-analysis candidate; boundary unreviewed,,
0x0041AC70,145,0x0041AD00,__isctype,,,unclassified,0.00,,,false,,Ghidra 12.1.3 auto-analysis candidate; boundary unreviewed,,
0x0041AD10,467,0x0041AEE2,FUN_0041ad10,,,unclassified,0.00,,,false,,Ghidra 12.1.3 auto-analysis candidate; boundary unreviewed,,
0x0041AEF0,75,0x0041AF3A,__getbuf,,,unclassified,0.00,,,false,,Ghidra 12.1.3 auto-analysis candidate; boundary unreviewed,,
0x0041AF40,188,0x0041AFFB,FUN_0041af40,,,unclassified,0.00,,,false,,Ghidra 12.1.3 auto-analysis candidate; boundary unreviewed,,
0x0041B000,432,0x0041B1AF,FUN_0041b000,,,unclassified,0.00,,,false,,Ghidra 12.1.3 auto-analysis candidate; boundary unreviewed,,
0x0041B1B0,188,0x0041B26B,___InternalCxxFrameHandler,,,unclassified,0.00,,,false,,Ghidra 12.1.3 auto-analysis candidate; boundary unreviewed,,
0x0041B270,659,0x0041B502,FUN_0041b270,,,unclassified,0.00,,,false,,Ghidra 12.1.3 auto-analysis candidate; boundary unreviewed,,
0x0041B510,213,0x0041B5E4,FUN_0041b510,,,unclassified,0.00,,,false,,Ghidra 12.1.3 auto-analysis candidate; boundary unreviewed,,
0x0041B5F0,159,0x0041B68E,GetRangeOfTrysToCheck,,,unclassified,0.00,,,false,,Ghidra 12.1.3 auto-analysis candidate; boundary unreviewed,,
0x0041B690,206,0x0041B75D,___FrameUnwindToState,,,unclassified,0.00,,,false,,Ghidra 12.1.3 auto-analysis candidate; boundary unreviewed,,
0x0041B780,148,0x0041B813,CatchIt,,,unclassified,0.00,,,false,,Ghidra 12.1.3 auto-analysis candidate; boundary unreviewed,,
0x0041B820,213,0x0041B8F4,FUN_0041b820,,,unclassified,0.00,,,false,,Ghidra 12.1.3 auto-analysis candidate; boundary unreviewed,,
0x0041B960,510,0x0041BB5D,BuildCatchObject,,,unclassified,0.00,,,false,,Ghidra 12.1.3 auto-analysis candidate; boundary unreviewed,,
0x0041BB60,113,0x0041BBD0,DestructExceptionObject,,,unclassified,0.00,,,false,,Ghidra 12.1.3 auto-analysis candidate; boundary unreviewed,,
0x0041BBE0,33,0x0041BC00,AdjustPointer,,,unclassified,0.00,,,false,,Ghidra 12.1.3 auto-analysis candidate; boundary unreviewed,,
0x0041BC10,72,0x0041BC57,__CallSettingFrame@12,,,unclassified,0.00,,,false,,Ghidra 12.1.3 auto-analysis candidate; boundary unreviewed,,
0x0041BC60,114,0x0041BCD1,FUN_0041bc60,,,unclassified,0.00,,,false,,Ghidra 12.1.3 auto-analysis candidate; boundary unreviewed,,
0x0041BCE0,114,0x0041BD51,FUN_0041bce0,,,unclassified,0.00,,,false,,Ghidra 12.1.3 auto-analysis candidate; boundary unreviewed,,
0x0041BEF0,18,0x0041BF01,__ismbblead,,,unclassified,0.00,,,false,,Ghidra 12.1.3 auto-analysis candidate; boundary unreviewed,,
0x0041BF10,58,0x0041BF49,x_ismbbtype,,,unclassified,0.00,,,false,,Ghidra 12.1.3 auto-analysis candidate; boundary unreviewed,,
0x0041BF50,219,0x0041C02A,FUN_0041bf50,,,unclassified,0.00,,,false,,Ghidra 12.1.3 auto-analysis candidate; boundary unreviewed,,
0x0041C030,155,0x0041C0CA,__setargv,,,unclassified,0.00,,,false,,Ghidra 12.1.3 auto-analysis candidate; boundary unreviewed,,
0x0041C0D0,466,0x0041C2A1,parse_cmdline,,,unclassified,0.00,,,false,,Ghidra 12.1.3 auto-analysis candidate; boundary unreviewed,,
0x0041C2B0,411,0x0041C44A,FUN_0041c2b0,,,unclassified,0.00,,,false,,Ghidra 12.1.3 auto-analysis candidate; boundary unreviewed,,
0x0041C450,475,0x0041C62A,FUN_0041c450,,,unclassified,0.00,,,false,,Ghidra 12.1.3 auto-analysis candidate; boundary unreviewed,,
0x0041C630,77,0x0041C67C,getSystemCP,,,unclassified,0.00,,,false,,Ghidra 12.1.3 auto-analysis candidate; boundary unreviewed,,
0x0041C680,56,0x0041C6B7,_CPtoLCID,,,unclassified,0.00,,,false,,Ghidra 12.1.3 auto-analysis candidate; boundary unreviewed,,
0x0041C6E0,44,0x0041C70B,setSBCS,,,unclassified,0.00,,,false,,Ghidra 12.1.3 auto-analysis candidate; boundary unreviewed,,
0x0041C710,11,0x0041C71A,FUN_0041c710,,,unclassified,0.00,,,false,,Ghidra 12.1.3 auto-analysis candidate; boundary unreviewed,,
0x0041C7E1,27,0x0041C7FB,FUN_0041c7e1,,,unclassified,0.00,,,false,,Ghidra 12.1.3 auto-analysis candidate; boundary unreviewed,,
0x0041C800,61,0x0041C83C,__FF_MSGBANNER,,,unclassified,0.00,,,false,,Ghidra 12.1.3 auto-analysis candidate; boundary unreviewed,,
0x0041C840,494,0x0041CA2D,FUN_0041c840,,,unclassified,0.00,,,false,,Ghidra 12.1.3 auto-analysis candidate; boundary unreviewed,,
0x0041CA30,103,0x0041CA96,__trandisp1,,,unclassified,0.00,,,false,,Ghidra 12.1.3 auto-analysis candidate; boundary unreviewed,,
0x0041CA97,140,0x0041CB22,__trandisp2,,,unclassified,0.00,,,false,,Ghidra 12.1.3 auto-analysis candidate; boundary unreviewed,,
0x0041CB3B,7,0x0041CB41,FUN_0041cb3b,,,unclassified,0.00,,,false,,Ghidra 12.1.3 auto-analysis candidate; boundary unreviewed,,
0x0041CBD6,29,0x0041CBF2,FUN_0041cbd6,,,unclassified,0.00,,,false,,Ghidra 12.1.3 auto-analysis candidate; boundary unreviewed,,
0x0041CBF3,7,0x0041CBF9,FUN_0041cbf3,,,unclassified,0.00,,,false,,Ghidra 12.1.3 auto-analysis candidate; boundary unreviewed,,
0x0041CDA1,52,0x0041CDD4,FUN_0041cda1,,,unclassified,0.00,,,false,,Ghidra 12.1.3 auto-analysis candidate; boundary unreviewed,,
0x0041CE10,255,0x0041CF0E,__87except,,,unclassified,0.00,,,false,,Ghidra 12.1.3 auto-analysis candidate; boundary unreviewed,,
0x0041CF30,63,0x0041CF6E,__control87,,,unclassified,0.00,,,false,,Ghidra 12.1.3 auto-analysis candidate; boundary unreviewed,,
0x0041CF70,24,0x0041CF87,__controlfp,,,unclassified,0.00,,,false,,Ghidra 12.1.3 auto-analysis candidate; boundary unreviewed,,
0x0041CF90,161,0x0041D030,__abstract_cw,,,unclassified,0.00,,,false,,Ghidra 12.1.3 auto-analysis candidate; boundary unreviewed,,
0x0041D040,141,0x0041D0CC,__hw_cw,,,unclassified,0.00,,,false,,Ghidra 12.1.3 auto-analysis candidate; boundary unreviewed,,
0x0041D0E0,100,0x0041D143,__ZeroTail,,,unclassified,0.00,,,false,,Ghidra 12.1.3 auto-analysis candidate; boundary unreviewed,,
0x0041D150,99,0x0041D1B2,__IncMan,,,unclassified,0.00,,,false,,Ghidra 12.1.3 auto-analysis candidate; boundary unreviewed,,
0x0041D1C0,172,0x0041D26B,__RoundMan,,,unclassified,0.00,,,false,,Ghidra 12.1.3 auto-analysis candidate; boundary unreviewed,,
0x0041D270,29,0x0041D28C,__CopyMan,,,unclassified,0.00,,,false,,Ghidra 12.1.3 auto-analysis candidate; boundary unreviewed,,
0x0041D290,15,0x0041D29E,__FillZeroMan,,,unclassified,0.00,,,false,,Ghidra 12.1.3 auto-analysis candidate; boundary unreviewed,,
0x0041D2A0,29,0x0041D2BC,__IsZeroMan,,,unclassified,0.00,,,false,,Ghidra 12.1.3 auto-analysis candidate; boundary unreviewed,,
0x0041D2C0,173,0x0041D36C,FUN_0041d2c0,,,unclassified,0.00,,,false,,Ghidra 12.1.3 auto-analysis candidate; boundary unreviewed,,
0x0041D370,459,0x0041D53A,__ld12cvt,,,unclassified,0.00,,,false,,Ghidra 12.1.3 auto-analysis candidate; boundary unreviewed,,
0x0041D540,24,0x0041D557,FID_conflict:__ld12tod,,,unclassified,0.00,,,false,,Ghidra 12.1.3 auto-analysis candidate; boundary unreviewed,,
0x0041D560,24,0x0041D577,FID_conflict:__ld12tod,,,unclassified,0.00,,,false,,Ghidra 12.1.3 auto-analysis candidate; boundary unreviewed,,
0x0041D580,53,0x0041D5B4,FID_conflict:__atodbl,,,unclassified,0.00,,,false,,Ghidra 12.1.3 auto-analysis candidate; boundary unreviewed,,
0x0041D5C0,53,0x0041D5F4,FID_conflict:__atodbl,,,unclassified,0.00,,,false,,Ghidra 12.1.3 auto-analysis candidate; boundary unreviewed,,
0x0041D600,129,0x0041D680,__fptostr,,,unclassified,0.00,,,false,,Ghidra 12.1.3 auto-analysis candidate; boundary unreviewed,,
0x0041D690,103,0x0041D6F6,__fltout,,,unclassified,0.00,,,false,,Ghidra 12.1.3 auto-analysis candidate; boundary unreviewed,,
0x0041D700,187,0x0041D7BA,FUN_0041d700,,,unclassified,0.00,,,false,,Ghidra 12.1.3 auto-analysis candidate; boundary unreviewed,,
0x0041D7C0,3,0x0041D7C2,FUN_0041d7c0,,,unclassified,0.00,,,false,,Ghidra 12.1.3 auto-analysis candidate; boundary unreviewed,,
0x0041D7D0,184,0x0041D887,FUN_0041d7d0,,,unclassified,0.00,,,false,,Ghidra 12.1.3 auto-analysis candidate; boundary unreviewed,,
0x0041D890,163,0x0041D932,__set_osfhnd,,,unclassified,0.00,,,false,,Ghidra 12.1.3 auto-analysis candidate; boundary unreviewed,,
0x0041D940,144,0x0041D9CF,FUN_0041d940,,,unclassified,0.00,,,false,,Ghidra 12.1.3 auto-analysis candidate; boundary unreviewed,,
0x0041D9D0,67,0x0041DA12,FUN_0041d9d0,,,unclassified,0.00,,,false,,Ghidra 12.1.3 auto-analysis candidate; boundary unreviewed,,
0x0041DA20,111,0x0041DA8E,FUN_0041da20,,,unclassified,0.00,,,false,,Ghidra 12.1.3 auto-analysis candidate; boundary unreviewed,,
0x0041DB80,981,0x0041DF54,FUN_0041db80,,,unclassified,0.00,,,false,,Ghidra 12.1.3 auto-analysis candidate; boundary unreviewed,,
0x0041DFA0,42,0x0041DFC9,FUN_0041dfa0,,,unclassified,0.00,,,false,,Ghidra 12.1.3 auto-analysis candidate; boundary unreviewed,,
0x0041DFD0,36,0x0041DFF3,FUN_0041dfd0,,,unclassified,0.00,,,false,,Ghidra 12.1.3 auto-analysis candidate; boundary unreviewed,,
0x0041E000,291,0x0041E122,___crtGetStringTypeA,,,unclassified,0.00,,,false,,Ghidra 12.1.3 auto-analysis candidate; boundary unreviewed,,
0x0041E160,88,0x0041E1B7,FUN_0041e160,,,unclassified,0.00,,,false,,Ghidra 12.1.3 auto-analysis candidate; boundary unreviewed,,
0x0041E1D0,32,0x0041E1EF,FID_conflict:_ValidateRead,,,unclassified,0.00,,,false,,Ghidra 12.1.3 auto-analysis candidate; boundary unreviewed,,
0x0041E1F0,32,0x0041E20F,FID_conflict:_ValidateRead,,,unclassified,0.00,,,false,,Ghidra 12.1.3 auto-analysis candidate; boundary unreviewed,,
0x0041E210,27,0x0041E22A,_ValidateExecute,,,unclassified,0.00,,,false,,Ghidra 12.1.3 auto-analysis candidate; boundary unreviewed,,
0x0041E230,27,0x0041E24A,_abort,,,unclassified,0.00,,,false,,Ghidra 12.1.3 auto-analysis candidate; boundary unreviewed,,
0x0041E250,146,0x0041E2E1,___crtMessageBoxA,,,unclassified,0.00,,,false,,Ghidra 12.1.3 auto-analysis candidate; boundary unreviewed,,
0x0041E2F0,584,0x0041E537,FUN_0041e2f0,,,unclassified,0.00,,,false,,Ghidra 12.1.3 auto-analysis candidate; boundary unreviewed,,
0x0041E540,127,0x0041E5BE,FUN_0041e540,,,unclassified,0.00,,,false,,Ghidra 12.1.3 auto-analysis candidate; boundary unreviewed,,
0x0041E5C0,35,0x0041E5E2,FUN_0041e5c0,,,unclassified,0.00,,,false,,Ghidra 12.1.3 auto-analysis candidate; boundary unreviewed,,
0x0041E5F0,102,0x0041E655,___add_12,,,unclassified,0.00,,,false,,Ghidra 12.1.3 auto-analysis candidate; boundary unreviewed,,
0x0041E660,62,0x0041E69D,___shl_12,,,unclassified,0.00,,,false,,Ghidra 12.1.3 auto-analysis candidate; boundary unreviewed,,
0x0041E6A0,54,0x0041E6D5,___shr_12,,,unclassified,0.00,,,false,,Ghidra 12.1.3 auto-analysis candidate; boundary unreviewed,,
0x0041E6E0,232,0x0041E7C7,FUN_0041e6e0,,,unclassified,0.00,,,false,,Ghidra 12.1.3 auto-analysis candidate; boundary unreviewed,,
0x0041E7D0,1578,0x0041EDF9,FUN_0041e7d0,,,unclassified,0.00,,,false,,Ghidra 12.1.3 auto-analysis candidate; boundary unreviewed,,
0x0041EF20,923,0x0041F2BA,FUN_0041ef20,,,unclassified,0.00,,,false,,Ghidra 12.1.3 auto-analysis candidate; boundary unreviewed,,
0x0041F2C0,340,0x0041F413,_raise,,,unclassified,0.00,,,false,,Ghidra 12.1.3 auto-analysis candidate; boundary unreviewed,,
0x0041F450,49,0x0041F480,siglookup,,,unclassified,0.00,,,false,,Ghidra 12.1.3 auto-analysis candidate; boundary unreviewed,,
0x0041F490,49,0x0041F4C0,FUN_0041f490,,,unclassified,0.00,,,false,,Ghidra 12.1.3 auto-analysis candidate; boundary unreviewed,,
0x0041F4D0,60,0x0041F50B,__itoa,,,unclassified,0.00,,,false,,Ghidra 12.1.3 auto-analysis candidate; boundary unreviewed,,
0x0041F510,96,0x0041F56F,xtoa,,,unclassified,0.00,,,false,,Ghidra 12.1.3 auto-analysis candidate; boundary unreviewed,,
0x0041F570,30,0x0041F58D,__ultoa,,,unclassified,0.00,,,false,,Ghidra 12.1.3 auto-analysis candidate; boundary unreviewed,,
0x0041F590,82,0x0041F5E1,FUN_0041f590,,,unclassified,0.00,,,false,,Ghidra 12.1.3 auto-analysis candidate; boundary unreviewed,,
0x0041F5F0,115,0x0041F662,FUN_0041f5f0,,,unclassified,0.00,,,false,,Ghidra 12.1.3 auto-analysis candidate; boundary unreviewed,,
0x0041F670,359,0x0041F7D6,__chsize,,,unclassified,0.00,,,false,,Ghidra 12.1.3 auto-analysis candidate; boundary unreviewed,,
0x0041F7E0,121,0x0041F858,FUN_0041f7e0,,,unclassified,0.00,,,false,,Ghidra 12.1.3 auto-analysis candidate; boundary unreviewed,,
0x0041F860,19,0x0041F872,FUN_0041f860,,,unclassified,0.00,,,false,,Ghidra 12.1.3 auto-analysis candidate; boundary unreviewed,,
0x0041F8C0,21,0x0041F8D4,FUN_0041f8c0,,,unclassified,0.00,,,false,,Ghidra 12.1.3 auto-analysis candidate; boundary unreviewed,,
0x0041F8E0,162,0x0041F981,FUN_0041f8e0,,,unclassified,0.00,,,false,,Ghidra 12.1.3 auto-analysis candidate; boundary unreviewed,,
0x0041F990,678,0x0041FC35,FUN_0041f990,,,unclassified,0.00,,,false,,Ghidra 12.1.3 auto-analysis candidate; boundary unreviewed,,
0x0041FC40,123,0x0041FCBA,FUN_0041fc40,,,unclassified,0.00,,,false,,Ghidra 12.1.3 auto-analysis candidate; boundary unreviewed,,
0x0041FCC0,128,0x0041FD3F,FUN_0041fcc0,,,unclassified,0.00,,,false,,Ghidra 12.1.3 auto-analysis candidate; boundary unreviewed,,
0x0041FD40,47,0x0041FD6E,FUN_0041fd40,,,unclassified,0.00,,,false,,Ghidra 12.1.3 auto-analysis candidate; boundary unreviewed,,
0x0041FD70,111,0x0041FDDE,FUN_0041fd70,,,unclassified,0.00,,,false,,Ghidra 12.1.3 auto-analysis candidate; boundary unreviewed,,
0x0041FDE0,21,0x0041FDF4,FUN_0041fde0,,,unclassified,0.00,,,false,,Ghidra 12.1.3 auto-analysis candidate; boundary unreviewed,,
0x0041FEE6,6,0x0041FEEB,KERNEL32.DLL::RtlUnwind,,,unclassified,0.00,,,true,,Ghidra 12.1.3 auto-analysis candidate; boundary unreviewed,,
