address,unit,source,source_sha256,header_sha256,target_sha256,compiler_sha256,object_sha256,manifest_sha256,difference_count,inputs_sha256
0x00402250,initialize-trig,src/trig.c,b47589d7f540be7e23983c8f58e43625949fb0d068caf91abbad467027492ebf,4b16c655b8afd194d11bcf014ad8b8aff65232939ede6238a43f7a47b4017208,756da1ba09edce716d5bf8770320ca0d5ed4e525672b6bb605b9bdb4b88972ba,f097e736bb04d38391c8b524945d58809ec4c42e97c056eca6f40bba2de910c3,853f12b7fd25364278f32513613f7448cf298cdc4eeba693a01f45a2470c3b0b,0c52ffee7b349ac9d51226d1faa049109aec0e708663100357e109be0409dfeb,0,"{""src/balls.h"":""be4c871d2f211632cd56c8a47812b876c2cde4bdfcce1f2ee3a6394a79725713"",""src/board_storage.h"":""9bec921e6529f79ce9e55b0f8a1b66ecd995ca415fe59b7b57f51f092c5ff383"",""src/boards.h"":""9f770b43348f25141752bff9985b69d4d683bcb9e87453ebbad1e174fb279834"",""src/bonuses.h"":""c556fbc3585ef58fa328e3767805a07b78cebaea05d2a5aacbb9a5414230b939"",""src/core.h"":""487db4713d8953531d4d214000ab82b04d73e6683590dd487cb7535acd84f957"",""src/device.h"":""c5866c53353c76f628199b0ca6f0f1b845b924f3bb82859523eb8b58fef02229"",""src/display.h"":""7d22baf9d37a337ea74298f836bf8b3bef756d1d962ee908fb9bbc3d2200d869"",""src/editor.h"":""9d4060aee8079a5963c1976095df9f113c484c82eb433c73ad41a360a531d2eb"",""src/effects.h"":""3a3c8298b558e5ebbb500e2f1f009124936a57f1c0b1e236f0a44b1125e476cd"",""src/explosion_types.h"":""4b072cfebbc9d510b3b5cdb99807d8f47846135f3a52e9a344ca4ba6cd2e371c"",""src/gameover.h"":""e3cd15cb94b8eb8414595de5ff292a74d521a01ab3a2dc8b4ed5ec22343ad713"",""src/gameplay.h"":""2ff160958600d63172df2ac759d7dbd29afdd712d666e55075ca7330db76888d"",""src/geometry.h"":""7e72a4e0f91fdb7ee7907cb04c4a7e5ef574f5027473a022d08d5a94a155148c"",""src/intro.h"":""797ed71bb54292ee5b29d4c0f9358da1c0918450f129ff8b2f2dc43d4121c289"",""src/midi.h"":""3acb2614ed1c5dffb9dee55ce46b0b4524aa22db3e1c12d94b08c900004ffd59"",""src/paddle.h"":""dec8129c794a61b1a08e2e1b555c9b696942996dcdf693d6f07c2293bae06b70"",""src/particles.h"":""b1d73d1a7a382fd75268f0c2ae1f897b107645d3bde769a714e5ae11808027cb"",""src/platform.h"":""4077286cbc4569ff68a3c0d8b84becad39991ba7c3d181fdb46c0c6058cc6b60"",""src/resources.h"":""cee2fdb3183b1658c9a8f570d5e1e296b326854f90cdd6796b2b8b01844334e0"",""src/round.h"":""b52043e2315f91cc610774969d8c9340c7225f625259ebe9f1a8eeb8c0479a31"",""src/runtime.h"":""d02d7b645f0a66bfb818c8992b5d78a6061dc3c506f1c0cce12e19d1b172b6c9"",""src/sound.h"":""b37ad31b1d7859b5588e8e96cb85ec88aed8401b789f1ebca211356f79058a02"",""src/startup.h"":""a28d24f95fad92000835368906944f476b6b22352459234c36ef6278a580da27"",""src/state_types.h"":""8ad676ca4d2a86a795dd0360d9d01cc9fbdf9a877303cd3ec7ba3508601206fb"",""src/trig.c"":""b47589d7f540be7e23983c8f58e43625949fb0d068caf91abbad467027492ebf"",""src/trig.h"":""4b16c655b8afd194d11bcf014ad8b8aff65232939ede6238a43f7a47b4017208"",""src/ui.h"":""1104e36f7ced573ec48fd46abbcf80b32de9f9f311b727903220e779df45702b""}"
0x00402400,sine,src/trig.c,b47589d7f540be7e23983c8f58e43625949fb0d068caf91abbad467027492ebf,4b16c655b8afd194d11bcf014ad8b8aff65232939ede6238a43f7a47b4017208,756da1ba09edce716d5bf8770320ca0d5ed4e525672b6bb605b9bdb4b88972ba,f097e736bb04d38391c8b524945d58809ec4c42e97c056eca6f40bba2de910c3,853f12b7fd25364278f32513613f7448cf298cdc4eeba693a01f45a2470c3b0b,0c52ffee7b349ac9d51226d1faa049109aec0e708663100357e109be0409dfeb,0,"{""src/balls.h"":""be4c871d2f211632cd56c8a47812b876c2cde4bdfcce1f2ee3a6394a79725713"",""src/board_storage.h"":""9bec921e6529f79ce9e55b0f8a1b66ecd995ca415fe59b7b57f51f092c5ff383"",""src/boards.h"":""9f770b43348f25141752bff9985b69d4d683bcb9e87453ebbad1e174fb279834"",""src/bonuses.h"":""c556fbc3585ef58fa328e3767805a07b78cebaea05d2a5aacbb9a5414230b939"",""src/core.h"":""487db4713d8953531d4d214000ab82b04d73e6683590dd487cb7535acd84f957"",""src/device.h"":""c5866c53353c76f628199b0ca6f0f1b845b924f3bb82859523eb8b58fef02229"",""src/display.h"":""7d22baf9d37a337ea74298f836bf8b3bef756d1d962ee908fb9bbc3d2200d869"",""src/editor.h"":""9d4060aee8079a5963c1976095df9f113c484c82eb433c73ad41a360a531d2eb"",""src/effects.h"":""3a3c8298b558e5ebbb500e2f1f009124936a57f1c0b1e236f0a44b1125e476cd"",""src/explosion_types.h"":""4b072cfebbc9d510b3b5cdb99807d8f47846135f3a52e9a344ca4ba6cd2e371c"",""src/gameover.h"":""e3cd15cb94b8eb8414595de5ff292a74d521a01ab3a2dc8b4ed5ec22343ad713"",""src/gameplay.h"":""2ff160958600d63172df2ac759d7dbd29afdd712d666e55075ca7330db76888d"",""src/geometry.h"":""7e72a4e0f91fdb7ee7907cb04c4a7e5ef574f5027473a022d08d5a94a155148c"",""src/intro.h"":""797ed71bb54292ee5b29d4c0f9358da1c0918450f129ff8b2f2dc43d4121c289"",""src/midi.h"":""3acb2614ed1c5dffb9dee55ce46b0b4524aa22db3e1c12d94b08c900004ffd59"",""src/paddle.h"":""dec8129c794a61b1a08e2e1b555c9b696942996dcdf693d6f07c2293bae06b70"",""src/particles.h"":""b1d73d1a7a382fd75268f0c2ae1f897b107645d3bde769a714e5ae11808027cb"",""src/platform.h"":""4077286cbc4569ff68a3c0d8b84becad39991ba7c3d181fdb46c0c6058cc6b60"",""src/resources.h"":""cee2fdb3183b1658c9a8f570d5e1e296b326854f90cdd6796b2b8b01844334e0"",""src/round.h"":""b52043e2315f91cc610774969d8c9340c7225f625259ebe9f1a8eeb8c0479a31"",""src/runtime.h"":""d02d7b645f0a66bfb818c8992b5d78a6061dc3c506f1c0cce12e19d1b172b6c9"",""src/sound.h"":""b37ad31b1d7859b5588e8e96cb85ec88aed8401b789f1ebca211356f79058a02"",""src/startup.h"":""a28d24f95fad92000835368906944f476b6b22352459234c36ef6278a580da27"",""src/state_types.h"":""8ad676ca4d2a86a795dd0360d9d01cc9fbdf9a877303cd3ec7ba3508601206fb"",""src/trig.c"":""b47589d7f540be7e23983c8f58e43625949fb0d068caf91abbad467027492ebf"",""src/trig.h"":""4b16c655b8afd194d11bcf014ad8b8aff65232939ede6238a43f7a47b4017208"",""src/ui.h"":""1104e36f7ced573ec48fd46abbcf80b32de9f9f311b727903220e779df45702b""}"
0x00402490,cosine,src/trig.c,b47589d7f540be7e23983c8f58e43625949fb0d068caf91abbad467027492ebf,4b16c655b8afd194d11bcf014ad8b8aff65232939ede6238a43f7a47b4017208,756da1ba09edce716d5bf8770320ca0d5ed4e525672b6bb605b9bdb4b88972ba,f097e736bb04d38391c8b524945d58809ec4c42e97c056eca6f40bba2de910c3,853f12b7fd25364278f32513613f7448cf298cdc4eeba693a01f45a2470c3b0b,0c52ffee7b349ac9d51226d1faa049109aec0e708663100357e109be0409dfeb,0,"{""src/balls.h"":""be4c871d2f211632cd56c8a47812b876c2cde4bdfcce1f2ee3a6394a79725713"",""src/board_storage.h"":""9bec921e6529f79ce9e55b0f8a1b66ecd995ca415fe59b7b57f51f092c5ff383"",""src/boards.h"":""9f770b43348f25141752bff9985b69d4d683bcb9e87453ebbad1e174fb279834"",""src/bonuses.h"":""c556fbc3585ef58fa328e3767805a07b78cebaea05d2a5aacbb9a5414230b939"",""src/core.h"":""487db4713d8953531d4d214000ab82b04d73e6683590dd487cb7535acd84f957"",""src/device.h"":""c5866c53353c76f628199b0ca6f0f1b845b924f3bb82859523eb8b58fef02229"",""src/display.h"":""7d22baf9d37a337ea74298f836bf8b3bef756d1d962ee908fb9bbc3d2200d869"",""src/editor.h"":""9d4060aee8079a5963c1976095df9f113c484c82eb433c73ad41a360a531d2eb"",""src/effects.h"":""3a3c8298b558e5ebbb500e2f1f009124936a57f1c0b1e236f0a44b1125e476cd"",""src/explosion_types.h"":""4b072cfebbc9d510b3b5cdb99807d8f47846135f3a52e9a344ca4ba6cd2e371c"",""src/gameover.h"":""e3cd15cb94b8eb8414595de5ff292a74d521a01ab3a2dc8b4ed5ec22343ad713"",""src/gameplay.h"":""2ff160958600d63172df2ac759d7dbd29afdd712d666e55075ca7330db76888d"",""src/geometry.h"":""7e72a4e0f91fdb7ee7907cb04c4a7e5ef574f5027473a022d08d5a94a155148c"",""src/intro.h"":""797ed71bb54292ee5b29d4c0f9358da1c0918450f129ff8b2f2dc43d4121c289"",""src/midi.h"":""3acb2614ed1c5dffb9dee55ce46b0b4524aa22db3e1c12d94b08c900004ffd59"",""src/paddle.h"":""dec8129c794a61b1a08e2e1b555c9b696942996dcdf693d6f07c2293bae06b70"",""src/particles.h"":""b1d73d1a7a382fd75268f0c2ae1f897b107645d3bde769a714e5ae11808027cb"",""src/platform.h"":""4077286cbc4569ff68a3c0d8b84becad39991ba7c3d181fdb46c0c6058cc6b60"",""src/resources.h"":""cee2fdb3183b1658c9a8f570d5e1e296b326854f90cdd6796b2b8b01844334e0"",""src/round.h"":""b52043e2315f91cc610774969d8c9340c7225f625259ebe9f1a8eeb8c0479a31"",""src/runtime.h"":""d02d7b645f0a66bfb818c8992b5d78a6061dc3c506f1c0cce12e19d1b172b6c9"",""src/sound.h"":""b37ad31b1d7859b5588e8e96cb85ec88aed8401b789f1ebca211356f79058a02"",""src/startup.h"":""a28d24f95fad92000835368906944f476b6b22352459234c36ef6278a580da27"",""src/state_types.h"":""8ad676ca4d2a86a795dd0360d9d01cc9fbdf9a877303cd3ec7ba3508601206fb"",""src/trig.c"":""b47589d7f540be7e23983c8f58e43625949fb0d068caf91abbad467027492ebf"",""src/trig.h"":""4b16c655b8afd194d11bcf014ad8b8aff65232939ede6238a43f7a47b4017208"",""src/ui.h"":""1104e36f7ced573ec48fd46abbcf80b32de9f9f311b727903220e779df45702b""}"
0x00403E50,select-surface,src/boards.c,2dea65117d852195f69b82b2b01131222b8c2434dbce8ef791806b379bbac642,9f770b43348f25141752bff9985b69d4d683bcb9e87453ebbad1e174fb279834,756da1ba09edce716d5bf8770320ca0d5ed4e525672b6bb605b9bdb4b88972ba,f097e736bb04d38391c8b524945d58809ec4c42e97c056eca6f40bba2de910c3,00dbc3c91cad90831f45e52362eb1a3067b39601f2a405587e4658a53ce6582b,0c52ffee7b349ac9d51226d1faa049109aec0e708663100357e109be0409dfeb,0,"{""src/balls.h"":""be4c871d2f211632cd56c8a47812b876c2cde4bdfcce1f2ee3a6394a79725713"",""src/board_storage.h"":""9bec921e6529f79ce9e55b0f8a1b66ecd995ca415fe59b7b57f51f092c5ff383"",""src/boards.c"":""2dea65117d852195f69b82b2b01131222b8c2434dbce8ef791806b379bbac642"",""src/boards.h"":""9f770b43348f25141752bff9985b69d4d683bcb9e87453ebbad1e174fb279834"",""src/bonuses.h"":""c556fbc3585ef58fa328e3767805a07b78cebaea05d2a5aacbb9a5414230b939"",""src/core.h"":""487db4713d8953531d4d214000ab82b04d73e6683590dd487cb7535acd84f957"",""src/device.h"":""c5866c53353c76f628199b0ca6f0f1b845b924f3bb82859523eb8b58fef02229"",""src/display.h"":""7d22baf9d37a337ea74298f836bf8b3bef756d1d962ee908fb9bbc3d2200d869"",""src/editor.h"":""9d4060aee8079a5963c1976095df9f113c484c82eb433c73ad41a360a531d2eb"",""src/effects.h"":""3a3c8298b558e5ebbb500e2f1f009124936a57f1c0b1e236f0a44b1125e476cd"",""src/explosion_types.h"":""4b072cfebbc9d510b3b5cdb99807d8f47846135f3a52e9a344ca4ba6cd2e371c"",""src/gameover.h"":""e3cd15cb94b8eb8414595de5ff292a74d521a01ab3a2dc8b4ed5ec22343ad713"",""src/gameplay.h"":""2ff160958600d63172df2ac759d7dbd29afdd712d666e55075ca7330db76888d"",""src/geometry.h"":""7e72a4e0f91fdb7ee7907cb04c4a7e5ef574f5027473a022d08d5a94a155148c"",""src/intro.h"":""797ed71bb54292ee5b29d4c0f9358da1c0918450f129ff8b2f2dc43d4121c289"",""src/midi.h"":""3acb2614ed1c5dffb9dee55ce46b0b4524aa22db3e1c12d94b08c900004ffd59"",""src/paddle.h"":""dec8129c794a61b1a08e2e1b555c9b696942996dcdf693d6f07c2293bae06b70"",""src/particles.h"":""b1d73d1a7a382fd75268f0c2ae1f897b107645d3bde769a714e5ae11808027cb"",""src/platform.h"":""4077286cbc4569ff68a3c0d8b84becad39991ba7c3d181fdb46c0c6058cc6b60"",""src/resources.h"":""cee2fdb3183b1658c9a8f570d5e1e296b326854f90cdd6796b2b8b01844334e0"",""src/round.h"":""b52043e2315f91cc610774969d8c9340c7225f625259ebe9f1a8eeb8c0479a31"",""src/runtime.h"":""d02d7b645f0a66bfb818c8992b5d78a6061dc3c506f1c0cce12e19d1b172b6c9"",""src/sound.h"":""b37ad31b1d7859b5588e8e96cb85ec88aed8401b789f1ebca211356f79058a02"",""src/startup.h"":""a28d24f95fad92000835368906944f476b6b22352459234c36ef6278a580da27"",""src/state_types.h"":""8ad676ca4d2a86a795dd0360d9d01cc9fbdf9a877303cd3ec7ba3508601206fb"",""src/trig.h"":""4b16c655b8afd194d11bcf014ad8b8aff65232939ede6238a43f7a47b4017208"",""src/ui.h"":""1104e36f7ced573ec48fd46abbcf80b32de9f9f311b727903220e779df45702b""}"
0x00403E70,select-sprite-bank,src/resources.c,ba3af297442af6bd8dedb8329506e9c8186e0f1d873f9ef21136ee775b901cba,cee2fdb3183b1658c9a8f570d5e1e296b326854f90cdd6796b2b8b01844334e0,756da1ba09edce716d5bf8770320ca0d5ed4e525672b6bb605b9bdb4b88972ba,f097e736bb04d38391c8b524945d58809ec4c42e97c056eca6f40bba2de910c3,bb6fa4154445e62385e04ab2c1c7ba6170f5546d026ec006b3b65df78f1fe1b6,0c52ffee7b349ac9d51226d1faa049109aec0e708663100357e109be0409dfeb,0,"{""src/allocator.h"":""1826cbf9b552a43c17e6446a72b6c87a4a08c1f3546dee3f5bfc8f16becbc137"",""src/balls.h"":""be4c871d2f211632cd56c8a47812b876c2cde4bdfcce1f2ee3a6394a79725713"",""src/board_storage.h"":""9bec921e6529f79ce9e55b0f8a1b66ecd995ca415fe59b7b57f51f092c5ff383"",""src/boards.h"":""9f770b43348f25141752bff9985b69d4d683bcb9e87453ebbad1e174fb279834"",""src/bonuses.h"":""c556fbc3585ef58fa328e3767805a07b78cebaea05d2a5aacbb9a5414230b939"",""src/core.h"":""487db4713d8953531d4d214000ab82b04d73e6683590dd487cb7535acd84f957"",""src/device.h"":""c5866c53353c76f628199b0ca6f0f1b845b924f3bb82859523eb8b58fef02229"",""src/display.h"":""7d22baf9d37a337ea74298f836bf8b3bef756d1d962ee908fb9bbc3d2200d869"",""src/editor.h"":""9d4060aee8079a5963c1976095df9f113c484c82eb433c73ad41a360a531d2eb"",""src/effects.h"":""3a3c8298b558e5ebbb500e2f1f009124936a57f1c0b1e236f0a44b1125e476cd"",""src/explosion_types.h"":""4b072cfebbc9d510b3b5cdb99807d8f47846135f3a52e9a344ca4ba6cd2e371c"",""src/gameover.h"":""e3cd15cb94b8eb8414595de5ff292a74d521a01ab3a2dc8b4ed5ec22343ad713"",""src/gameplay.h"":""2ff160958600d63172df2ac759d7dbd29afdd712d666e55075ca7330db76888d"",""src/geometry.h"":""7e72a4e0f91fdb7ee7907cb04c4a7e5ef574f5027473a022d08d5a94a155148c"",""src/intro.h"":""797ed71bb54292ee5b29d4c0f9358da1c0918450f129ff8b2f2dc43d4121c289"",""src/midi.h"":""3acb2614ed1c5dffb9dee55ce46b0b4524aa22db3e1c12d94b08c900004ffd59"",""src/paddle.h"":""dec8129c794a61b1a08e2e1b555c9b696942996dcdf693d6f07c2293bae06b70"",""src/particles.h"":""b1d73d1a7a382fd75268f0c2ae1f897b107645d3bde769a714e5ae11808027cb"",""src/platform.h"":""4077286cbc4569ff68a3c0d8b84becad39991ba7c3d181fdb46c0c6058cc6b60"",""src/resources.c"":""ba3af297442af6bd8dedb8329506e9c8186e0f1d873f9ef21136ee775b901cba"",""src/resources.h"":""cee2fdb3183b1658c9a8f570d5e1e296b326854f90cdd6796b2b8b01844334e0"",""src/round.h"":""b52043e2315f91cc610774969d8c9340c7225f625259ebe9f1a8eeb8c0479a31"",""src/runtime.h"":""d02d7b645f0a66bfb818c8992b5d78a6061dc3c506f1c0cce12e19d1b172b6c9"",""src/sound.h"":""b37ad31b1d7859b5588e8e96cb85ec88aed8401b789f1ebca211356f79058a02"",""src/startup.h"":""a28d24f95fad92000835368906944f476b6b22352459234c36ef6278a580da27"",""src/state_types.h"":""8ad676ca4d2a86a795dd0360d9d01cc9fbdf9a877303cd3ec7ba3508601206fb"",""src/trig.h"":""4b16c655b8afd194d11bcf014ad8b8aff65232939ede6238a43f7a47b4017208"",""src/ui.h"":""1104e36f7ced573ec48fd46abbcf80b32de9f9f311b727903220e779df45702b""}"
0x00403E90,select-font-bank,src/resources.c,ba3af297442af6bd8dedb8329506e9c8186e0f1d873f9ef21136ee775b901cba,cee2fdb3183b1658c9a8f570d5e1e296b326854f90cdd6796b2b8b01844334e0,756da1ba09edce716d5bf8770320ca0d5ed4e525672b6bb605b9bdb4b88972ba,f097e736bb04d38391c8b524945d58809ec4c42e97c056eca6f40bba2de910c3,bb6fa4154445e62385e04ab2c1c7ba6170f5546d026ec006b3b65df78f1fe1b6,0c52ffee7b349ac9d51226d1faa049109aec0e708663100357e109be0409dfeb,0,"{""src/allocator.h"":""1826cbf9b552a43c17e6446a72b6c87a4a08c1f3546dee3f5bfc8f16becbc137"",""src/balls.h"":""be4c871d2f211632cd56c8a47812b876c2cde4bdfcce1f2ee3a6394a79725713"",""src/board_storage.h"":""9bec921e6529f79ce9e55b0f8a1b66ecd995ca415fe59b7b57f51f092c5ff383"",""src/boards.h"":""9f770b43348f25141752bff9985b69d4d683bcb9e87453ebbad1e174fb279834"",""src/bonuses.h"":""c556fbc3585ef58fa328e3767805a07b78cebaea05d2a5aacbb9a5414230b939"",""src/core.h"":""487db4713d8953531d4d214000ab82b04d73e6683590dd487cb7535acd84f957"",""src/device.h"":""c5866c53353c76f628199b0ca6f0f1b845b924f3bb82859523eb8b58fef02229"",""src/display.h"":""7d22baf9d37a337ea74298f836bf8b3bef756d1d962ee908fb9bbc3d2200d869"",""src/editor.h"":""9d4060aee8079a5963c1976095df9f113c484c82eb433c73ad41a360a531d2eb"",""src/effects.h"":""3a3c8298b558e5ebbb500e2f1f009124936a57f1c0b1e236f0a44b1125e476cd"",""src/explosion_types.h"":""4b072cfebbc9d510b3b5cdb99807d8f47846135f3a52e9a344ca4ba6cd2e371c"",""src/gameover.h"":""e3cd15cb94b8eb8414595de5ff292a74d521a01ab3a2dc8b4ed5ec22343ad713"",""src/gameplay.h"":""2ff160958600d63172df2ac759d7dbd29afdd712d666e55075ca7330db76888d"",""src/geometry.h"":""7e72a4e0f91fdb7ee7907cb04c4a7e5ef574f5027473a022d08d5a94a155148c"",""src/intro.h"":""797ed71bb54292ee5b29d4c0f9358da1c0918450f129ff8b2f2dc43d4121c289"",""src/midi.h"":""3acb2614ed1c5dffb9dee55ce46b0b4524aa22db3e1c12d94b08c900004ffd59"",""src/paddle.h"":""dec8129c794a61b1a08e2e1b555c9b696942996dcdf693d6f07c2293bae06b70"",""src/particles.h"":""b1d73d1a7a382fd75268f0c2ae1f897b107645d3bde769a714e5ae11808027cb"",""src/platform.h"":""4077286cbc4569ff68a3c0d8b84becad39991ba7c3d181fdb46c0c6058cc6b60"",""src/resources.c"":""ba3af297442af6bd8dedb8329506e9c8186e0f1d873f9ef21136ee775b901cba"",""src/resources.h"":""cee2fdb3183b1658c9a8f570d5e1e296b326854f90cdd6796b2b8b01844334e0"",""src/round.h"":""b52043e2315f91cc610774969d8c9340c7225f625259ebe9f1a8eeb8c0479a31"",""src/runtime.h"":""d02d7b645f0a66bfb818c8992b5d78a6061dc3c506f1c0cce12e19d1b172b6c9"",""src/sound.h"":""b37ad31b1d7859b5588e8e96cb85ec88aed8401b789f1ebca211356f79058a02"",""src/startup.h"":""a28d24f95fad92000835368906944f476b6b22352459234c36ef6278a580da27"",""src/state_types.h"":""8ad676ca4d2a86a795dd0360d9d01cc9fbdf9a877303cd3ec7ba3508601206fb"",""src/trig.h"":""4b16c655b8afd194d11bcf014ad8b8aff65232939ede6238a43f7a47b4017208"",""src/ui.h"":""1104e36f7ced573ec48fd46abbcf80b32de9f9f311b727903220e779df45702b""}"
0x00403F70,blt-keyed-sprite,src/resources.c,ba3af297442af6bd8dedb8329506e9c8186e0f1d873f9ef21136ee775b901cba,cee2fdb3183b1658c9a8f570d5e1e296b326854f90cdd6796b2b8b01844334e0,756da1ba09edce716d5bf8770320ca0d5ed4e525672b6bb605b9bdb4b88972ba,f097e736bb04d38391c8b524945d58809ec4c42e97c056eca6f40bba2de910c3,bb6fa4154445e62385e04ab2c1c7ba6170f5546d026ec006b3b65df78f1fe1b6,0c52ffee7b349ac9d51226d1faa049109aec0e708663100357e109be0409dfeb,0,"{""src/allocator.h"":""1826cbf9b552a43c17e6446a72b6c87a4a08c1f3546dee3f5bfc8f16becbc137"",""src/balls.h"":""be4c871d2f211632cd56c8a47812b876c2cde4bdfcce1f2ee3a6394a79725713"",""src/board_storage.h"":""9bec921e6529f79ce9e55b0f8a1b66ecd995ca415fe59b7b57f51f092c5ff383"",""src/boards.h"":""9f770b43348f25141752bff9985b69d4d683bcb9e87453ebbad1e174fb279834"",""src/bonuses.h"":""c556fbc3585ef58fa328e3767805a07b78cebaea05d2a5aacbb9a5414230b939"",""src/core.h"":""487db4713d8953531d4d214000ab82b04d73e6683590dd487cb7535acd84f957"",""src/device.h"":""c5866c53353c76f628199b0ca6f0f1b845b924f3bb82859523eb8b58fef02229"",""src/display.h"":""7d22baf9d37a337ea74298f836bf8b3bef756d1d962ee908fb9bbc3d2200d869"",""src/editor.h"":""9d4060aee8079a5963c1976095df9f113c484c82eb433c73ad41a360a531d2eb"",""src/effects.h"":""3a3c8298b558e5ebbb500e2f1f009124936a57f1c0b1e236f0a44b1125e476cd"",""src/explosion_types.h"":""4b072cfebbc9d510b3b5cdb99807d8f47846135f3a52e9a344ca4ba6cd2e371c"",""src/gameover.h"":""e3cd15cb94b8eb8414595de5ff292a74d521a01ab3a2dc8b4ed5ec22343ad713"",""src/gameplay.h"":""2ff160958600d63172df2ac759d7dbd29afdd712d666e55075ca7330db76888d"",""src/geometry.h"":""7e72a4e0f91fdb7ee7907cb04c4a7e5ef574f5027473a022d08d5a94a155148c"",""src/intro.h"":""797ed71bb54292ee5b29d4c0f9358da1c0918450f129ff8b2f2dc43d4121c289"",""src/midi.h"":""3acb2614ed1c5dffb9dee55ce46b0b4524aa22db3e1c12d94b08c900004ffd59"",""src/paddle.h"":""dec8129c794a61b1a08e2e1b555c9b696942996dcdf693d6f07c2293bae06b70"",""src/particles.h"":""b1d73d1a7a382fd75268f0c2ae1f897b107645d3bde769a714e5ae11808027cb"",""src/platform.h"":""4077286cbc4569ff68a3c0d8b84becad39991ba7c3d181fdb46c0c6058cc6b60"",""src/resources.c"":""ba3af297442af6bd8dedb8329506e9c8186e0f1d873f9ef21136ee775b901cba"",""src/resources.h"":""cee2fdb3183b1658c9a8f570d5e1e296b326854f90cdd6796b2b8b01844334e0"",""src/round.h"":""b52043e2315f91cc610774969d8c9340c7225f625259ebe9f1a8eeb8c0479a31"",""src/runtime.h"":""d02d7b645f0a66bfb818c8992b5d78a6061dc3c506f1c0cce12e19d1b172b6c9"",""src/sound.h"":""b37ad31b1d7859b5588e8e96cb85ec88aed8401b789f1ebca211356f79058a02"",""src/startup.h"":""a28d24f95fad92000835368906944f476b6b22352459234c36ef6278a580da27"",""src/state_types.h"":""8ad676ca4d2a86a795dd0360d9d01cc9fbdf9a877303cd3ec7ba3508601206fb"",""src/trig.h"":""4b16c655b8afd194d11bcf014ad8b8aff65232939ede6238a43f7a47b4017208"",""src/ui.h"":""1104e36f7ced573ec48fd46abbcf80b32de9f9f311b727903220e779df45702b""}"
0x00404040,draw-keyed-sprite,src/resources.c,ba3af297442af6bd8dedb8329506e9c8186e0f1d873f9ef21136ee775b901cba,cee2fdb3183b1658c9a8f570d5e1e296b326854f90cdd6796b2b8b01844334e0,756da1ba09edce716d5bf8770320ca0d5ed4e525672b6bb605b9bdb4b88972ba,f097e736bb04d38391c8b524945d58809ec4c42e97c056eca6f40bba2de910c3,bb6fa4154445e62385e04ab2c1c7ba6170f5546d026ec006b3b65df78f1fe1b6,0c52ffee7b349ac9d51226d1faa049109aec0e708663100357e109be0409dfeb,0,"{""src/allocator.h"":""1826cbf9b552a43c17e6446a72b6c87a4a08c1f3546dee3f5bfc8f16becbc137"",""src/balls.h"":""be4c871d2f211632cd56c8a47812b876c2cde4bdfcce1f2ee3a6394a79725713"",""src/board_storage.h"":""9bec921e6529f79ce9e55b0f8a1b66ecd995ca415fe59b7b57f51f092c5ff383"",""src/boards.h"":""9f770b43348f25141752bff9985b69d4d683bcb9e87453ebbad1e174fb279834"",""src/bonuses.h"":""c556fbc3585ef58fa328e3767805a07b78cebaea05d2a5aacbb9a5414230b939"",""src/core.h"":""487db4713d8953531d4d214000ab82b04d73e6683590dd487cb7535acd84f957"",""src/device.h"":""c5866c53353c76f628199b0ca6f0f1b845b924f3bb82859523eb8b58fef02229"",""src/display.h"":""7d22baf9d37a337ea74298f836bf8b3bef756d1d962ee908fb9bbc3d2200d869"",""src/editor.h"":""9d4060aee8079a5963c1976095df9f113c484c82eb433c73ad41a360a531d2eb"",""src/effects.h"":""3a3c8298b558e5ebbb500e2f1f009124936a57f1c0b1e236f0a44b1125e476cd"",""src/explosion_types.h"":""4b072cfebbc9d510b3b5cdb99807d8f47846135f3a52e9a344ca4ba6cd2e371c"",""src/gameover.h"":""e3cd15cb94b8eb8414595de5ff292a74d521a01ab3a2dc8b4ed5ec22343ad713"",""src/gameplay.h"":""2ff160958600d63172df2ac759d7dbd29afdd712d666e55075ca7330db76888d"",""src/geometry.h"":""7e72a4e0f91fdb7ee7907cb04c4a7e5ef574f5027473a022d08d5a94a155148c"",""src/intro.h"":""797ed71bb54292ee5b29d4c0f9358da1c0918450f129ff8b2f2dc43d4121c289"",""src/midi.h"":""3acb2614ed1c5dffb9dee55ce46b0b4524aa22db3e1c12d94b08c900004ffd59"",""src/paddle.h"":""dec8129c794a61b1a08e2e1b555c9b696942996dcdf693d6f07c2293bae06b70"",""src/particles.h"":""b1d73d1a7a382fd75268f0c2ae1f897b107645d3bde769a714e5ae11808027cb"",""src/platform.h"":""4077286cbc4569ff68a3c0d8b84becad39991ba7c3d181fdb46c0c6058cc6b60"",""src/resources.c"":""ba3af297442af6bd8dedb8329506e9c8186e0f1d873f9ef21136ee775b901cba"",""src/resources.h"":""cee2fdb3183b1658c9a8f570d5e1e296b326854f90cdd6796b2b8b01844334e0"",""src/round.h"":""b52043e2315f91cc610774969d8c9340c7225f625259ebe9f1a8eeb8c0479a31"",""src/runtime.h"":""d02d7b645f0a66bfb818c8992b5d78a6061dc3c506f1c0cce12e19d1b172b6c9"",""src/sound.h"":""b37ad31b1d7859b5588e8e96cb85ec88aed8401b789f1ebca211356f79058a02"",""src/startup.h"":""a28d24f95fad92000835368906944f476b6b22352459234c36ef6278a580da27"",""src/state_types.h"":""8ad676ca4d2a86a795dd0360d9d01cc9fbdf9a877303cd3ec7ba3508601206fb"",""src/trig.h"":""4b16c655b8afd194d11bcf014ad8b8aff65232939ede6238a43f7a47b4017208"",""src/ui.h"":""1104e36f7ced573ec48fd46abbcf80b32de9f9f311b727903220e779df45702b""}"
0x00404180,draw-sprite,src/resources.c,ba3af297442af6bd8dedb8329506e9c8186e0f1d873f9ef21136ee775b901cba,cee2fdb3183b1658c9a8f570d5e1e296b326854f90cdd6796b2b8b01844334e0,756da1ba09edce716d5bf8770320ca0d5ed4e525672b6bb605b9bdb4b88972ba,f097e736bb04d38391c8b524945d58809ec4c42e97c056eca6f40bba2de910c3,bb6fa4154445e62385e04ab2c1c7ba6170f5546d026ec006b3b65df78f1fe1b6,0c52ffee7b349ac9d51226d1faa049109aec0e708663100357e109be0409dfeb,0,"{""src/allocator.h"":""1826cbf9b552a43c17e6446a72b6c87a4a08c1f3546dee3f5bfc8f16becbc137"",""src/balls.h"":""be4c871d2f211632cd56c8a47812b876c2cde4bdfcce1f2ee3a6394a79725713"",""src/board_storage.h"":""9bec921e6529f79ce9e55b0f8a1b66ecd995ca415fe59b7b57f51f092c5ff383"",""src/boards.h"":""9f770b43348f25141752bff9985b69d4d683bcb9e87453ebbad1e174fb279834"",""src/bonuses.h"":""c556fbc3585ef58fa328e3767805a07b78cebaea05d2a5aacbb9a5414230b939"",""src/core.h"":""487db4713d8953531d4d214000ab82b04d73e6683590dd487cb7535acd84f957"",""src/device.h"":""c5866c53353c76f628199b0ca6f0f1b845b924f3bb82859523eb8b58fef02229"",""src/display.h"":""7d22baf9d37a337ea74298f836bf8b3bef756d1d962ee908fb9bbc3d2200d869"",""src/editor.h"":""9d4060aee8079a5963c1976095df9f113c484c82eb433c73ad41a360a531d2eb"",""src/effects.h"":""3a3c8298b558e5ebbb500e2f1f009124936a57f1c0b1e236f0a44b1125e476cd"",""src/explosion_types.h"":""4b072cfebbc9d510b3b5cdb99807d8f47846135f3a52e9a344ca4ba6cd2e371c"",""src/gameover.h"":""e3cd15cb94b8eb8414595de5ff292a74d521a01ab3a2dc8b4ed5ec22343ad713"",""src/gameplay.h"":""2ff160958600d63172df2ac759d7dbd29afdd712d666e55075ca7330db76888d"",""src/geometry.h"":""7e72a4e0f91fdb7ee7907cb04c4a7e5ef574f5027473a022d08d5a94a155148c"",""src/intro.h"":""797ed71bb54292ee5b29d4c0f9358da1c0918450f129ff8b2f2dc43d4121c289"",""src/midi.h"":""3acb2614ed1c5dffb9dee55ce46b0b4524aa22db3e1c12d94b08c900004ffd59"",""src/paddle.h"":""dec8129c794a61b1a08e2e1b555c9b696942996dcdf693d6f07c2293bae06b70"",""src/particles.h"":""b1d73d1a7a382fd75268f0c2ae1f897b107645d3bde769a714e5ae11808027cb"",""src/platform.h"":""4077286cbc4569ff68a3c0d8b84becad39991ba7c3d181fdb46c0c6058cc6b60"",""src/resources.c"":""ba3af297442af6bd8dedb8329506e9c8186e0f1d873f9ef21136ee775b901cba"",""src/resources.h"":""cee2fdb3183b1658c9a8f570d5e1e296b326854f90cdd6796b2b8b01844334e0"",""src/round.h"":""b52043e2315f91cc610774969d8c9340c7225f625259ebe9f1a8eeb8c0479a31"",""src/runtime.h"":""d02d7b645f0a66bfb818c8992b5d78a6061dc3c506f1c0cce12e19d1b172b6c9"",""src/sound.h"":""b37ad31b1d7859b5588e8e96cb85ec88aed8401b789f1ebca211356f79058a02"",""src/startup.h"":""a28d24f95fad92000835368906944f476b6b22352459234c36ef6278a580da27"",""src/state_types.h"":""8ad676ca4d2a86a795dd0360d9d01cc9fbdf9a877303cd3ec7ba3508601206fb"",""src/trig.h"":""4b16c655b8afd194d11bcf014ad8b8aff65232939ede6238a43f7a47b4017208"",""src/ui.h"":""1104e36f7ced573ec48fd46abbcf80b32de9f9f311b727903220e779df45702b""}"
0x00404280,draw-rotated-sprite,src/rotation.c,c15bcc37e24c1c9ab1d13b55a99827387b01589b9ca3b93bca37b1c5f5c0ae2f,61180251d1f7fb417e75eb390070d0fc49c05e91ef0f05e7deca871e18827a65,756da1ba09edce716d5bf8770320ca0d5ed4e525672b6bb605b9bdb4b88972ba,f097e736bb04d38391c8b524945d58809ec4c42e97c056eca6f40bba2de910c3,4a741b45290b6d87264e0d55d26f546364f82a68ebb4e0d4b3c24e71da4f5904,0c52ffee7b349ac9d51226d1faa049109aec0e708663100357e109be0409dfeb,0,"{""src/balls.h"":""be4c871d2f211632cd56c8a47812b876c2cde4bdfcce1f2ee3a6394a79725713"",""src/board_storage.h"":""9bec921e6529f79ce9e55b0f8a1b66ecd995ca415fe59b7b57f51f092c5ff383"",""src/boards.h"":""9f770b43348f25141752bff9985b69d4d683bcb9e87453ebbad1e174fb279834"",""src/bonuses.h"":""c556fbc3585ef58fa328e3767805a07b78cebaea05d2a5aacbb9a5414230b939"",""src/core.h"":""487db4713d8953531d4d214000ab82b04d73e6683590dd487cb7535acd84f957"",""src/device.h"":""c5866c53353c76f628199b0ca6f0f1b845b924f3bb82859523eb8b58fef02229"",""src/display.h"":""7d22baf9d37a337ea74298f836bf8b3bef756d1d962ee908fb9bbc3d2200d869"",""src/editor.h"":""9d4060aee8079a5963c1976095df9f113c484c82eb433c73ad41a360a531d2eb"",""src/effects.h"":""3a3c8298b558e5ebbb500e2f1f009124936a57f1c0b1e236f0a44b1125e476cd"",""src/explosion_types.h"":""4b072cfebbc9d510b3b5cdb99807d8f47846135f3a52e9a344ca4ba6cd2e371c"",""src/gameover.h"":""e3cd15cb94b8eb8414595de5ff292a74d521a01ab3a2dc8b4ed5ec22343ad713"",""src/gameplay.h"":""2ff160958600d63172df2ac759d7dbd29afdd712d666e55075ca7330db76888d"",""src/geometry.h"":""7e72a4e0f91fdb7ee7907cb04c4a7e5ef574f5027473a022d08d5a94a155148c"",""src/intro.h"":""797ed71bb54292ee5b29d4c0f9358da1c0918450f129ff8b2f2dc43d4121c289"",""src/midi.h"":""3acb2614ed1c5dffb9dee55ce46b0b4524aa22db3e1c12d94b08c900004ffd59"",""src/paddle.h"":""dec8129c794a61b1a08e2e1b555c9b696942996dcdf693d6f07c2293bae06b70"",""src/particles.h"":""b1d73d1a7a382fd75268f0c2ae1f897b107645d3bde769a714e5ae11808027cb"",""src/platform.h"":""4077286cbc4569ff68a3c0d8b84becad39991ba7c3d181fdb46c0c6058cc6b60"",""src/resources.h"":""cee2fdb3183b1658c9a8f570d5e1e296b326854f90cdd6796b2b8b01844334e0"",""src/rotation.c"":""c15bcc37e24c1c9ab1d13b55a99827387b01589b9ca3b93bca37b1c5f5c0ae2f"",""src/rotation.h"":""61180251d1f7fb417e75eb390070d0fc49c05e91ef0f05e7deca871e18827a65"",""src/round.h"":""b52043e2315f91cc610774969d8c9340c7225f625259ebe9f1a8eeb8c0479a31"",""src/runtime.h"":""d02d7b645f0a66bfb818c8992b5d78a6061dc3c506f1c0cce12e19d1b172b6c9"",""src/sound.h"":""b37ad31b1d7859b5588e8e96cb85ec88aed8401b789f1ebca211356f79058a02"",""src/startup.h"":""a28d24f95fad92000835368906944f476b6b22352459234c36ef6278a580da27"",""src/state_types.h"":""8ad676ca4d2a86a795dd0360d9d01cc9fbdf9a877303cd3ec7ba3508601206fb"",""src/trig.h"":""4b16c655b8afd194d11bcf014ad8b8aff65232939ede6238a43f7a47b4017208"",""src/ui.h"":""1104e36f7ced573ec48fd46abbcf80b32de9f9f311b727903220e779df45702b""}"
0x00406400,screen-pan,src/gameplay.c,2001efa23059a3381e0b424370ca5540431fc9302623599b32595cc645d3e4fb,2ff160958600d63172df2ac759d7dbd29afdd712d666e55075ca7330db76888d,756da1ba09edce716d5bf8770320ca0d5ed4e525672b6bb605b9bdb4b88972ba,f097e736bb04d38391c8b524945d58809ec4c42e97c056eca6f40bba2de910c3,2c6c9b7d1afb94aa5f13584a719d219e311e986e42088bff2188b923e56f6218,0c52ffee7b349ac9d51226d1faa049109aec0e708663100357e109be0409dfeb,0,"{""src/allocator.h"":""1826cbf9b552a43c17e6446a72b6c87a4a08c1f3546dee3f5bfc8f16becbc137"",""src/balls.h"":""be4c871d2f211632cd56c8a47812b876c2cde4bdfcce1f2ee3a6394a79725713"",""src/board_storage.h"":""9bec921e6529f79ce9e55b0f8a1b66ecd995ca415fe59b7b57f51f092c5ff383"",""src/boards.h"":""9f770b43348f25141752bff9985b69d4d683bcb9e87453ebbad1e174fb279834"",""src/bonuses.h"":""c556fbc3585ef58fa328e3767805a07b78cebaea05d2a5aacbb9a5414230b939"",""src/core.h"":""487db4713d8953531d4d214000ab82b04d73e6683590dd487cb7535acd84f957"",""src/device.h"":""c5866c53353c76f628199b0ca6f0f1b845b924f3bb82859523eb8b58fef02229"",""src/display.h"":""7d22baf9d37a337ea74298f836bf8b3bef756d1d962ee908fb9bbc3d2200d869"",""src/editor.h"":""9d4060aee8079a5963c1976095df9f113c484c82eb433c73ad41a360a531d2eb"",""src/effects.h"":""3a3c8298b558e5ebbb500e2f1f009124936a57f1c0b1e236f0a44b1125e476cd"",""src/explosion_types.h"":""4b072cfebbc9d510b3b5cdb99807d8f47846135f3a52e9a344ca4ba6cd2e371c"",""src/gameover.h"":""e3cd15cb94b8eb8414595de5ff292a74d521a01ab3a2dc8b4ed5ec22343ad713"",""src/gameplay.c"":""2001efa23059a3381e0b424370ca5540431fc9302623599b32595cc645d3e4fb"",""src/gameplay.h"":""2ff160958600d63172df2ac759d7dbd29afdd712d666e55075ca7330db76888d"",""src/geometry.h"":""7e72a4e0f91fdb7ee7907cb04c4a7e5ef574f5027473a022d08d5a94a155148c"",""src/intro.h"":""797ed71bb54292ee5b29d4c0f9358da1c0918450f129ff8b2f2dc43d4121c289"",""src/midi.h"":""3acb2614ed1c5dffb9dee55ce46b0b4524aa22db3e1c12d94b08c900004ffd59"",""src/paddle.h"":""dec8129c794a61b1a08e2e1b555c9b696942996dcdf693d6f07c2293bae06b70"",""src/particles.h"":""b1d73d1a7a382fd75268f0c2ae1f897b107645d3bde769a714e5ae11808027cb"",""src/platform.h"":""4077286cbc4569ff68a3c0d8b84becad39991ba7c3d181fdb46c0c6058cc6b60"",""src/resources.h"":""cee2fdb3183b1658c9a8f570d5e1e296b326854f90cdd6796b2b8b01844334e0"",""src/round.h"":""b52043e2315f91cc610774969d8c9340c7225f625259ebe9f1a8eeb8c0479a31"",""src/runtime.h"":""d02d7b645f0a66bfb818c8992b5d78a6061dc3c506f1c0cce12e19d1b172b6c9"",""src/sound.h"":""b37ad31b1d7859b5588e8e96cb85ec88aed8401b789f1ebca211356f79058a02"",""src/startup.h"":""a28d24f95fad92000835368906944f476b6b22352459234c36ef6278a580da27"",""src/state_types.h"":""8ad676ca4d2a86a795dd0360d9d01cc9fbdf9a877303cd3ec7ba3508601206fb"",""src/trig.h"":""4b16c655b8afd194d11bcf014ad8b8aff65232939ede6238a43f7a47b4017208"",""src/ui.h"":""1104e36f7ced573ec48fd46abbcf80b32de9f9f311b727903220e779df45702b""}"
0x0040CC30,read-board-bank,src/boards.c,2dea65117d852195f69b82b2b01131222b8c2434dbce8ef791806b379bbac642,9f770b43348f25141752bff9985b69d4d683bcb9e87453ebbad1e174fb279834,756da1ba09edce716d5bf8770320ca0d5ed4e525672b6bb605b9bdb4b88972ba,f097e736bb04d38391c8b524945d58809ec4c42e97c056eca6f40bba2de910c3,00dbc3c91cad90831f45e52362eb1a3067b39601f2a405587e4658a53ce6582b,0c52ffee7b349ac9d51226d1faa049109aec0e708663100357e109be0409dfeb,0,"{""src/balls.h"":""be4c871d2f211632cd56c8a47812b876c2cde4bdfcce1f2ee3a6394a79725713"",""src/board_storage.h"":""9bec921e6529f79ce9e55b0f8a1b66ecd995ca415fe59b7b57f51f092c5ff383"",""src/boards.c"":""2dea65117d852195f69b82b2b01131222b8c2434dbce8ef791806b379bbac642"",""src/boards.h"":""9f770b43348f25141752bff9985b69d4d683bcb9e87453ebbad1e174fb279834"",""src/bonuses.h"":""c556fbc3585ef58fa328e3767805a07b78cebaea05d2a5aacbb9a5414230b939"",""src/core.h"":""487db4713d8953531d4d214000ab82b04d73e6683590dd487cb7535acd84f957"",""src/device.h"":""c5866c53353c76f628199b0ca6f0f1b845b924f3bb82859523eb8b58fef02229"",""src/display.h"":""7d22baf9d37a337ea74298f836bf8b3bef756d1d962ee908fb9bbc3d2200d869"",""src/editor.h"":""9d4060aee8079a5963c1976095df9f113c484c82eb433c73ad41a360a531d2eb"",""src/effects.h"":""3a3c8298b558e5ebbb500e2f1f009124936a57f1c0b1e236f0a44b1125e476cd"",""src/explosion_types.h"":""4b072cfebbc9d510b3b5cdb99807d8f47846135f3a52e9a344ca4ba6cd2e371c"",""src/gameover.h"":""e3cd15cb94b8eb8414595de5ff292a74d521a01ab3a2dc8b4ed5ec22343ad713"",""src/gameplay.h"":""2ff160958600d63172df2ac759d7dbd29afdd712d666e55075ca7330db76888d"",""src/geometry.h"":""7e72a4e0f91fdb7ee7907cb04c4a7e5ef574f5027473a022d08d5a94a155148c"",""src/intro.h"":""797ed71bb54292ee5b29d4c0f9358da1c0918450f129ff8b2f2dc43d4121c289"",""src/midi.h"":""3acb2614ed1c5dffb9dee55ce46b0b4524aa22db3e1c12d94b08c900004ffd59"",""src/paddle.h"":""dec8129c794a61b1a08e2e1b555c9b696942996dcdf693d6f07c2293bae06b70"",""src/particles.h"":""b1d73d1a7a382fd75268f0c2ae1f897b107645d3bde769a714e5ae11808027cb"",""src/platform.h"":""4077286cbc4569ff68a3c0d8b84becad39991ba7c3d181fdb46c0c6058cc6b60"",""src/resources.h"":""cee2fdb3183b1658c9a8f570d5e1e296b326854f90cdd6796b2b8b01844334e0"",""src/round.h"":""b52043e2315f91cc610774969d8c9340c7225f625259ebe9f1a8eeb8c0479a31"",""src/runtime.h"":""d02d7b645f0a66bfb818c8992b5d78a6061dc3c506f1c0cce12e19d1b172b6c9"",""src/sound.h"":""b37ad31b1d7859b5588e8e96cb85ec88aed8401b789f1ebca211356f79058a02"",""src/startup.h"":""a28d24f95fad92000835368906944f476b6b22352459234c36ef6278a580da27"",""src/state_types.h"":""8ad676ca4d2a86a795dd0360d9d01cc9fbdf9a877303cd3ec7ba3508601206fb"",""src/trig.h"":""4b16c655b8afd194d11bcf014ad8b8aff65232939ede6238a43f7a47b4017208"",""src/ui.h"":""1104e36f7ced573ec48fd46abbcf80b32de9f9f311b727903220e779df45702b""}"
0x0040CC90,write-board-bank,src/boards.c,2dea65117d852195f69b82b2b01131222b8c2434dbce8ef791806b379bbac642,9f770b43348f25141752bff9985b69d4d683bcb9e87453ebbad1e174fb279834,756da1ba09edce716d5bf8770320ca0d5ed4e525672b6bb605b9bdb4b88972ba,f097e736bb04d38391c8b524945d58809ec4c42e97c056eca6f40bba2de910c3,00dbc3c91cad90831f45e52362eb1a3067b39601f2a405587e4658a53ce6582b,0c52ffee7b349ac9d51226d1faa049109aec0e708663100357e109be0409dfeb,0,"{""src/balls.h"":""be4c871d2f211632cd56c8a47812b876c2cde4bdfcce1f2ee3a6394a79725713"",""src/board_storage.h"":""9bec921e6529f79ce9e55b0f8a1b66ecd995ca415fe59b7b57f51f092c5ff383"",""src/boards.c"":""2dea65117d852195f69b82b2b01131222b8c2434dbce8ef791806b379bbac642"",""src/boards.h"":""9f770b43348f25141752bff9985b69d4d683bcb9e87453ebbad1e174fb279834"",""src/bonuses.h"":""c556fbc3585ef58fa328e3767805a07b78cebaea05d2a5aacbb9a5414230b939"",""src/core.h"":""487db4713d8953531d4d214000ab82b04d73e6683590dd487cb7535acd84f957"",""src/device.h"":""c5866c53353c76f628199b0ca6f0f1b845b924f3bb82859523eb8b58fef02229"",""src/display.h"":""7d22baf9d37a337ea74298f836bf8b3bef756d1d962ee908fb9bbc3d2200d869"",""src/editor.h"":""9d4060aee8079a5963c1976095df9f113c484c82eb433c73ad41a360a531d2eb"",""src/effects.h"":""3a3c8298b558e5ebbb500e2f1f009124936a57f1c0b1e236f0a44b1125e476cd"",""src/explosion_types.h"":""4b072cfebbc9d510b3b5cdb99807d8f47846135f3a52e9a344ca4ba6cd2e371c"",""src/gameover.h"":""e3cd15cb94b8eb8414595de5ff292a74d521a01ab3a2dc8b4ed5ec22343ad713"",""src/gameplay.h"":""2ff160958600d63172df2ac759d7dbd29afdd712d666e55075ca7330db76888d"",""src/geometry.h"":""7e72a4e0f91fdb7ee7907cb04c4a7e5ef574f5027473a022d08d5a94a155148c"",""src/intro.h"":""797ed71bb54292ee5b29d4c0f9358da1c0918450f129ff8b2f2dc43d4121c289"",""src/midi.h"":""3acb2614ed1c5dffb9dee55ce46b0b4524aa22db3e1c12d94b08c900004ffd59"",""src/paddle.h"":""dec8129c794a61b1a08e2e1b555c9b696942996dcdf693d6f07c2293bae06b70"",""src/particles.h"":""b1d73d1a7a382fd75268f0c2ae1f897b107645d3bde769a714e5ae11808027cb"",""src/platform.h"":""4077286cbc4569ff68a3c0d8b84becad39991ba7c3d181fdb46c0c6058cc6b60"",""src/resources.h"":""cee2fdb3183b1658c9a8f570d5e1e296b326854f90cdd6796b2b8b01844334e0"",""src/round.h"":""b52043e2315f91cc610774969d8c9340c7225f625259ebe9f1a8eeb8c0479a31"",""src/runtime.h"":""d02d7b645f0a66bfb818c8992b5d78a6061dc3c506f1c0cce12e19d1b172b6c9"",""src/sound.h"":""b37ad31b1d7859b5588e8e96cb85ec88aed8401b789f1ebca211356f79058a02"",""src/startup.h"":""a28d24f95fad92000835368906944f476b6b22352459234c36ef6278a580da27"",""src/state_types.h"":""8ad676ca4d2a86a795dd0360d9d01cc9fbdf9a877303cd3ec7ba3508601206fb"",""src/trig.h"":""4b16c655b8afd194d11bcf014ad8b8aff65232939ede6238a43f7a47b4017208"",""src/ui.h"":""1104e36f7ced573ec48fd46abbcf80b32de9f9f311b727903220e779df45702b""}"
0x00410070,begin-explosions,src/gameplay.c,2001efa23059a3381e0b424370ca5540431fc9302623599b32595cc645d3e4fb,2ff160958600d63172df2ac759d7dbd29afdd712d666e55075ca7330db76888d,756da1ba09edce716d5bf8770320ca0d5ed4e525672b6bb605b9bdb4b88972ba,f097e736bb04d38391c8b524945d58809ec4c42e97c056eca6f40bba2de910c3,2c6c9b7d1afb94aa5f13584a719d219e311e986e42088bff2188b923e56f6218,0c52ffee7b349ac9d51226d1faa049109aec0e708663100357e109be0409dfeb,0,"{""src/allocator.h"":""1826cbf9b552a43c17e6446a72b6c87a4a08c1f3546dee3f5bfc8f16becbc137"",""src/balls.h"":""be4c871d2f211632cd56c8a47812b876c2cde4bdfcce1f2ee3a6394a79725713"",""src/board_storage.h"":""9bec921e6529f79ce9e55b0f8a1b66ecd995ca415fe59b7b57f51f092c5ff383"",""src/boards.h"":""9f770b43348f25141752bff9985b69d4d683bcb9e87453ebbad1e174fb279834"",""src/bonuses.h"":""c556fbc3585ef58fa328e3767805a07b78cebaea05d2a5aacbb9a5414230b939"",""src/core.h"":""487db4713d8953531d4d214000ab82b04d73e6683590dd487cb7535acd84f957"",""src/device.h"":""c5866c53353c76f628199b0ca6f0f1b845b924f3bb82859523eb8b58fef02229"",""src/display.h"":""7d22baf9d37a337ea74298f836bf8b3bef756d1d962ee908fb9bbc3d2200d869"",""src/editor.h"":""9d4060aee8079a5963c1976095df9f113c484c82eb433c73ad41a360a531d2eb"",""src/effects.h"":""3a3c8298b558e5ebbb500e2f1f009124936a57f1c0b1e236f0a44b1125e476cd"",""src/explosion_types.h"":""4b072cfebbc9d510b3b5cdb99807d8f47846135f3a52e9a344ca4ba6cd2e371c"",""src/gameover.h"":""e3cd15cb94b8eb8414595de5ff292a74d521a01ab3a2dc8b4ed5ec22343ad713"",""src/gameplay.c"":""2001efa23059a3381e0b424370ca5540431fc9302623599b32595cc645d3e4fb"",""src/gameplay.h"":""2ff160958600d63172df2ac759d7dbd29afdd712d666e55075ca7330db76888d"",""src/geometry.h"":""7e72a4e0f91fdb7ee7907cb04c4a7e5ef574f5027473a022d08d5a94a155148c"",""src/intro.h"":""797ed71bb54292ee5b29d4c0f9358da1c0918450f129ff8b2f2dc43d4121c289"",""src/midi.h"":""3acb2614ed1c5dffb9dee55ce46b0b4524aa22db3e1c12d94b08c900004ffd59"",""src/paddle.h"":""dec8129c794a61b1a08e2e1b555c9b696942996dcdf693d6f07c2293bae06b70"",""src/particles.h"":""b1d73d1a7a382fd75268f0c2ae1f897b107645d3bde769a714e5ae11808027cb"",""src/platform.h"":""4077286cbc4569ff68a3c0d8b84becad39991ba7c3d181fdb46c0c6058cc6b60"",""src/resources.h"":""cee2fdb3183b1658c9a8f570d5e1e296b326854f90cdd6796b2b8b01844334e0"",""src/round.h"":""b52043e2315f91cc610774969d8c9340c7225f625259ebe9f1a8eeb8c0479a31"",""src/runtime.h"":""d02d7b645f0a66bfb818c8992b5d78a6061dc3c506f1c0cce12e19d1b172b6c9"",""src/sound.h"":""b37ad31b1d7859b5588e8e96cb85ec88aed8401b789f1ebca211356f79058a02"",""src/startup.h"":""a28d24f95fad92000835368906944f476b6b22352459234c36ef6278a580da27"",""src/state_types.h"":""8ad676ca4d2a86a795dd0360d9d01cc9fbdf9a877303cd3ec7ba3508601206fb"",""src/trig.h"":""4b16c655b8afd194d11bcf014ad8b8aff65232939ede6238a43f7a47b4017208"",""src/ui.h"":""1104e36f7ced573ec48fd46abbcf80b32de9f9f311b727903220e779df45702b""}"
0x004100B0,begin-brick-effects,src/effects.c,8351dacd2ae30ad46e043f926c720c62987489456294fc63739ff029a01d790e,3a3c8298b558e5ebbb500e2f1f009124936a57f1c0b1e236f0a44b1125e476cd,756da1ba09edce716d5bf8770320ca0d5ed4e525672b6bb605b9bdb4b88972ba,f097e736bb04d38391c8b524945d58809ec4c42e97c056eca6f40bba2de910c3,922dc9dbf2b323c77526c826f5db0d331a136461ce6691f00490d30bd9dd367f,0c52ffee7b349ac9d51226d1faa049109aec0e708663100357e109be0409dfeb,0,"{""src/allocator.h"":""1826cbf9b552a43c17e6446a72b6c87a4a08c1f3546dee3f5bfc8f16becbc137"",""src/balls.h"":""be4c871d2f211632cd56c8a47812b876c2cde4bdfcce1f2ee3a6394a79725713"",""src/board_storage.h"":""9bec921e6529f79ce9e55b0f8a1b66ecd995ca415fe59b7b57f51f092c5ff383"",""src/boards.h"":""9f770b43348f25141752bff9985b69d4d683bcb9e87453ebbad1e174fb279834"",""src/bonuses.h"":""c556fbc3585ef58fa328e3767805a07b78cebaea05d2a5aacbb9a5414230b939"",""src/core.h"":""487db4713d8953531d4d214000ab82b04d73e6683590dd487cb7535acd84f957"",""src/device.h"":""c5866c53353c76f628199b0ca6f0f1b845b924f3bb82859523eb8b58fef02229"",""src/display.h"":""7d22baf9d37a337ea74298f836bf8b3bef756d1d962ee908fb9bbc3d2200d869"",""src/editor.h"":""9d4060aee8079a5963c1976095df9f113c484c82eb433c73ad41a360a531d2eb"",""src/effects.c"":""8351dacd2ae30ad46e043f926c720c62987489456294fc63739ff029a01d790e"",""src/effects.h"":""3a3c8298b558e5ebbb500e2f1f009124936a57f1c0b1e236f0a44b1125e476cd"",""src/explosion_types.h"":""4b072cfebbc9d510b3b5cdb99807d8f47846135f3a52e9a344ca4ba6cd2e371c"",""src/gameover.h"":""e3cd15cb94b8eb8414595de5ff292a74d521a01ab3a2dc8b4ed5ec22343ad713"",""src/gameplay.h"":""2ff160958600d63172df2ac759d7dbd29afdd712d666e55075ca7330db76888d"",""src/geometry.h"":""7e72a4e0f91fdb7ee7907cb04c4a7e5ef574f5027473a022d08d5a94a155148c"",""src/intro.h"":""797ed71bb54292ee5b29d4c0f9358da1c0918450f129ff8b2f2dc43d4121c289"",""src/midi.h"":""3acb2614ed1c5dffb9dee55ce46b0b4524aa22db3e1c12d94b08c900004ffd59"",""src/paddle.h"":""dec8129c794a61b1a08e2e1b555c9b696942996dcdf693d6f07c2293bae06b70"",""src/particles.h"":""b1d73d1a7a382fd75268f0c2ae1f897b107645d3bde769a714e5ae11808027cb"",""src/platform.h"":""4077286cbc4569ff68a3c0d8b84becad39991ba7c3d181fdb46c0c6058cc6b60"",""src/resources.h"":""cee2fdb3183b1658c9a8f570d5e1e296b326854f90cdd6796b2b8b01844334e0"",""src/round.h"":""b52043e2315f91cc610774969d8c9340c7225f625259ebe9f1a8eeb8c0479a31"",""src/runtime.h"":""d02d7b645f0a66bfb818c8992b5d78a6061dc3c506f1c0cce12e19d1b172b6c9"",""src/sound.h"":""b37ad31b1d7859b5588e8e96cb85ec88aed8401b789f1ebca211356f79058a02"",""src/startup.h"":""a28d24f95fad92000835368906944f476b6b22352459234c36ef6278a580da27"",""src/state_types.h"":""8ad676ca4d2a86a795dd0360d9d01cc9fbdf9a877303cd3ec7ba3508601206fb"",""src/trig.h"":""4b16c655b8afd194d11bcf014ad8b8aff65232939ede6238a43f7a47b4017208"",""src/ui.h"":""1104e36f7ced573ec48fd46abbcf80b32de9f9f311b727903220e779df45702b""}"
0x004100F0,begin-balls,src/balls.c,5268c8bd2d40bc190387c1a1d6da8a994fc96d367a125f57e013ff07a83a18bf,be4c871d2f211632cd56c8a47812b876c2cde4bdfcce1f2ee3a6394a79725713,756da1ba09edce716d5bf8770320ca0d5ed4e525672b6bb605b9bdb4b88972ba,f097e736bb04d38391c8b524945d58809ec4c42e97c056eca6f40bba2de910c3,7e921c0e8614ad545c56118f1562eaf3d6994fe797c360f245ba84f2c682951f,0c52ffee7b349ac9d51226d1faa049109aec0e708663100357e109be0409dfeb,0,"{""src/balls.c"":""5268c8bd2d40bc190387c1a1d6da8a994fc96d367a125f57e013ff07a83a18bf"",""src/balls.h"":""be4c871d2f211632cd56c8a47812b876c2cde4bdfcce1f2ee3a6394a79725713"",""src/board_storage.h"":""9bec921e6529f79ce9e55b0f8a1b66ecd995ca415fe59b7b57f51f092c5ff383"",""src/boards.h"":""9f770b43348f25141752bff9985b69d4d683bcb9e87453ebbad1e174fb279834"",""src/bonuses.h"":""c556fbc3585ef58fa328e3767805a07b78cebaea05d2a5aacbb9a5414230b939"",""src/core.h"":""487db4713d8953531d4d214000ab82b04d73e6683590dd487cb7535acd84f957"",""src/device.h"":""c5866c53353c76f628199b0ca6f0f1b845b924f3bb82859523eb8b58fef02229"",""src/display.h"":""7d22baf9d37a337ea74298f836bf8b3bef756d1d962ee908fb9bbc3d2200d869"",""src/editor.h"":""9d4060aee8079a5963c1976095df9f113c484c82eb433c73ad41a360a531d2eb"",""src/effects.h"":""3a3c8298b558e5ebbb500e2f1f009124936a57f1c0b1e236f0a44b1125e476cd"",""src/explosion_types.h"":""4b072cfebbc9d510b3b5cdb99807d8f47846135f3a52e9a344ca4ba6cd2e371c"",""src/gameover.h"":""e3cd15cb94b8eb8414595de5ff292a74d521a01ab3a2dc8b4ed5ec22343ad713"",""src/gameplay.h"":""2ff160958600d63172df2ac759d7dbd29afdd712d666e55075ca7330db76888d"",""src/geometry.h"":""7e72a4e0f91fdb7ee7907cb04c4a7e5ef574f5027473a022d08d5a94a155148c"",""src/intro.h"":""797ed71bb54292ee5b29d4c0f9358da1c0918450f129ff8b2f2dc43d4121c289"",""src/midi.h"":""3acb2614ed1c5dffb9dee55ce46b0b4524aa22db3e1c12d94b08c900004ffd59"",""src/paddle.h"":""dec8129c794a61b1a08e2e1b555c9b696942996dcdf693d6f07c2293bae06b70"",""src/particles.h"":""b1d73d1a7a382fd75268f0c2ae1f897b107645d3bde769a714e5ae11808027cb"",""src/platform.h"":""4077286cbc4569ff68a3c0d8b84becad39991ba7c3d181fdb46c0c6058cc6b60"",""src/resources.h"":""cee2fdb3183b1658c9a8f570d5e1e296b326854f90cdd6796b2b8b01844334e0"",""src/round.h"":""b52043e2315f91cc610774969d8c9340c7225f625259ebe9f1a8eeb8c0479a31"",""src/runtime.h"":""d02d7b645f0a66bfb818c8992b5d78a6061dc3c506f1c0cce12e19d1b172b6c9"",""src/sound.h"":""b37ad31b1d7859b5588e8e96cb85ec88aed8401b789f1ebca211356f79058a02"",""src/startup.h"":""a28d24f95fad92000835368906944f476b6b22352459234c36ef6278a580da27"",""src/state_types.h"":""8ad676ca4d2a86a795dd0360d9d01cc9fbdf9a877303cd3ec7ba3508601206fb"",""src/trig.h"":""4b16c655b8afd194d11bcf014ad8b8aff65232939ede6238a43f7a47b4017208"",""src/ui.h"":""1104e36f7ced573ec48fd46abbcf80b32de9f9f311b727903220e779df45702b""}"
0x00410170,advance-explosion,src/gameplay.c,2001efa23059a3381e0b424370ca5540431fc9302623599b32595cc645d3e4fb,2ff160958600d63172df2ac759d7dbd29afdd712d666e55075ca7330db76888d,756da1ba09edce716d5bf8770320ca0d5ed4e525672b6bb605b9bdb4b88972ba,f097e736bb04d38391c8b524945d58809ec4c42e97c056eca6f40bba2de910c3,2c6c9b7d1afb94aa5f13584a719d219e311e986e42088bff2188b923e56f6218,0c52ffee7b349ac9d51226d1faa049109aec0e708663100357e109be0409dfeb,0,"{""src/allocator.h"":""1826cbf9b552a43c17e6446a72b6c87a4a08c1f3546dee3f5bfc8f16becbc137"",""src/balls.h"":""be4c871d2f211632cd56c8a47812b876c2cde4bdfcce1f2ee3a6394a79725713"",""src/board_storage.h"":""9bec921e6529f79ce9e55b0f8a1b66ecd995ca415fe59b7b57f51f092c5ff383"",""src/boards.h"":""9f770b43348f25141752bff9985b69d4d683bcb9e87453ebbad1e174fb279834"",""src/bonuses.h"":""c556fbc3585ef58fa328e3767805a07b78cebaea05d2a5aacbb9a5414230b939"",""src/core.h"":""487db4713d8953531d4d214000ab82b04d73e6683590dd487cb7535acd84f957"",""src/device.h"":""c5866c53353c76f628199b0ca6f0f1b845b924f3bb82859523eb8b58fef02229"",""src/display.h"":""7d22baf9d37a337ea74298f836bf8b3bef756d1d962ee908fb9bbc3d2200d869"",""src/editor.h"":""9d4060aee8079a5963c1976095df9f113c484c82eb433c73ad41a360a531d2eb"",""src/effects.h"":""3a3c8298b558e5ebbb500e2f1f009124936a57f1c0b1e236f0a44b1125e476cd"",""src/explosion_types.h"":""4b072cfebbc9d510b3b5cdb99807d8f47846135f3a52e9a344ca4ba6cd2e371c"",""src/gameover.h"":""e3cd15cb94b8eb8414595de5ff292a74d521a01ab3a2dc8b4ed5ec22343ad713"",""src/gameplay.c"":""2001efa23059a3381e0b424370ca5540431fc9302623599b32595cc645d3e4fb"",""src/gameplay.h"":""2ff160958600d63172df2ac759d7dbd29afdd712d666e55075ca7330db76888d"",""src/geometry.h"":""7e72a4e0f91fdb7ee7907cb04c4a7e5ef574f5027473a022d08d5a94a155148c"",""src/intro.h"":""797ed71bb54292ee5b29d4c0f9358da1c0918450f129ff8b2f2dc43d4121c289"",""src/midi.h"":""3acb2614ed1c5dffb9dee55ce46b0b4524aa22db3e1c12d94b08c900004ffd59"",""src/paddle.h"":""dec8129c794a61b1a08e2e1b555c9b696942996dcdf693d6f07c2293bae06b70"",""src/particles.h"":""b1d73d1a7a382fd75268f0c2ae1f897b107645d3bde769a714e5ae11808027cb"",""src/platform.h"":""4077286cbc4569ff68a3c0d8b84becad39991ba7c3d181fdb46c0c6058cc6b60"",""src/resources.h"":""cee2fdb3183b1658c9a8f570d5e1e296b326854f90cdd6796b2b8b01844334e0"",""src/round.h"":""b52043e2315f91cc610774969d8c9340c7225f625259ebe9f1a8eeb8c0479a31"",""src/runtime.h"":""d02d7b645f0a66bfb818c8992b5d78a6061dc3c506f1c0cce12e19d1b172b6c9"",""src/sound.h"":""b37ad31b1d7859b5588e8e96cb85ec88aed8401b789f1ebca211356f79058a02"",""src/startup.h"":""a28d24f95fad92000835368906944f476b6b22352459234c36ef6278a580da27"",""src/state_types.h"":""8ad676ca4d2a86a795dd0360d9d01cc9fbdf9a877303cd3ec7ba3508601206fb"",""src/trig.h"":""4b16c655b8afd194d11bcf014ad8b8aff65232939ede6238a43f7a47b4017208"",""src/ui.h"":""1104e36f7ced573ec48fd46abbcf80b32de9f9f311b727903220e779df45702b""}"
0x004101D0,advance-ball,src/balls.c,5268c8bd2d40bc190387c1a1d6da8a994fc96d367a125f57e013ff07a83a18bf,be4c871d2f211632cd56c8a47812b876c2cde4bdfcce1f2ee3a6394a79725713,756da1ba09edce716d5bf8770320ca0d5ed4e525672b6bb605b9bdb4b88972ba,f097e736bb04d38391c8b524945d58809ec4c42e97c056eca6f40bba2de910c3,7e921c0e8614ad545c56118f1562eaf3d6994fe797c360f245ba84f2c682951f,0c52ffee7b349ac9d51226d1faa049109aec0e708663100357e109be0409dfeb,0,"{""src/balls.c"":""5268c8bd2d40bc190387c1a1d6da8a994fc96d367a125f57e013ff07a83a18bf"",""src/balls.h"":""be4c871d2f211632cd56c8a47812b876c2cde4bdfcce1f2ee3a6394a79725713"",""src/board_storage.h"":""9bec921e6529f79ce9e55b0f8a1b66ecd995ca415fe59b7b57f51f092c5ff383"",""src/boards.h"":""9f770b43348f25141752bff9985b69d4d683bcb9e87453ebbad1e174fb279834"",""src/bonuses.h"":""c556fbc3585ef58fa328e3767805a07b78cebaea05d2a5aacbb9a5414230b939"",""src/core.h"":""487db4713d8953531d4d214000ab82b04d73e6683590dd487cb7535acd84f957"",""src/device.h"":""c5866c53353c76f628199b0ca6f0f1b845b924f3bb82859523eb8b58fef02229"",""src/display.h"":""7d22baf9d37a337ea74298f836bf8b3bef756d1d962ee908fb9bbc3d2200d869"",""src/editor.h"":""9d4060aee8079a5963c1976095df9f113c484c82eb433c73ad41a360a531d2eb"",""src/effects.h"":""3a3c8298b558e5ebbb500e2f1f009124936a57f1c0b1e236f0a44b1125e476cd"",""src/explosion_types.h"":""4b072cfebbc9d510b3b5cdb99807d8f47846135f3a52e9a344ca4ba6cd2e371c"",""src/gameover.h"":""e3cd15cb94b8eb8414595de5ff292a74d521a01ab3a2dc8b4ed5ec22343ad713"",""src/gameplay.h"":""2ff160958600d63172df2ac759d7dbd29afdd712d666e55075ca7330db76888d"",""src/geometry.h"":""7e72a4e0f91fdb7ee7907cb04c4a7e5ef574f5027473a022d08d5a94a155148c"",""src/intro.h"":""797ed71bb54292ee5b29d4c0f9358da1c0918450f129ff8b2f2dc43d4121c289"",""src/midi.h"":""3acb2614ed1c5dffb9dee55ce46b0b4524aa22db3e1c12d94b08c900004ffd59"",""src/paddle.h"":""dec8129c794a61b1a08e2e1b555c9b696942996dcdf693d6f07c2293bae06b70"",""src/particles.h"":""b1d73d1a7a382fd75268f0c2ae1f897b107645d3bde769a714e5ae11808027cb"",""src/platform.h"":""4077286cbc4569ff68a3c0d8b84becad39991ba7c3d181fdb46c0c6058cc6b60"",""src/resources.h"":""cee2fdb3183b1658c9a8f570d5e1e296b326854f90cdd6796b2b8b01844334e0"",""src/round.h"":""b52043e2315f91cc610774969d8c9340c7225f625259ebe9f1a8eeb8c0479a31"",""src/runtime.h"":""d02d7b645f0a66bfb818c8992b5d78a6061dc3c506f1c0cce12e19d1b172b6c9"",""src/sound.h"":""b37ad31b1d7859b5588e8e96cb85ec88aed8401b789f1ebca211356f79058a02"",""src/startup.h"":""a28d24f95fad92000835368906944f476b6b22352459234c36ef6278a580da27"",""src/state_types.h"":""8ad676ca4d2a86a795dd0360d9d01cc9fbdf9a877303cd3ec7ba3508601206fb"",""src/trig.h"":""4b16c655b8afd194d11bcf014ad8b8aff65232939ede6238a43f7a47b4017208"",""src/ui.h"":""1104e36f7ced573ec48fd46abbcf80b32de9f9f311b727903220e779df45702b""}"
0x004105D0,spawn-ball,src/balls.c,5268c8bd2d40bc190387c1a1d6da8a994fc96d367a125f57e013ff07a83a18bf,be4c871d2f211632cd56c8a47812b876c2cde4bdfcce1f2ee3a6394a79725713,756da1ba09edce716d5bf8770320ca0d5ed4e525672b6bb605b9bdb4b88972ba,f097e736bb04d38391c8b524945d58809ec4c42e97c056eca6f40bba2de910c3,7e921c0e8614ad545c56118f1562eaf3d6994fe797c360f245ba84f2c682951f,0c52ffee7b349ac9d51226d1faa049109aec0e708663100357e109be0409dfeb,0,"{""src/balls.c"":""5268c8bd2d40bc190387c1a1d6da8a994fc96d367a125f57e013ff07a83a18bf"",""src/balls.h"":""be4c871d2f211632cd56c8a47812b876c2cde4bdfcce1f2ee3a6394a79725713"",""src/board_storage.h"":""9bec921e6529f79ce9e55b0f8a1b66ecd995ca415fe59b7b57f51f092c5ff383"",""src/boards.h"":""9f770b43348f25141752bff9985b69d4d683bcb9e87453ebbad1e174fb279834"",""src/bonuses.h"":""c556fbc3585ef58fa328e3767805a07b78cebaea05d2a5aacbb9a5414230b939"",""src/core.h"":""487db4713d8953531d4d214000ab82b04d73e6683590dd487cb7535acd84f957"",""src/device.h"":""c5866c53353c76f628199b0ca6f0f1b845b924f3bb82859523eb8b58fef02229"",""src/display.h"":""7d22baf9d37a337ea74298f836bf8b3bef756d1d962ee908fb9bbc3d2200d869"",""src/editor.h"":""9d4060aee8079a5963c1976095df9f113c484c82eb433c73ad41a360a531d2eb"",""src/effects.h"":""3a3c8298b558e5ebbb500e2f1f009124936a57f1c0b1e236f0a44b1125e476cd"",""src/explosion_types.h"":""4b072cfebbc9d510b3b5cdb99807d8f47846135f3a52e9a344ca4ba6cd2e371c"",""src/gameover.h"":""e3cd15cb94b8eb8414595de5ff292a74d521a01ab3a2dc8b4ed5ec22343ad713"",""src/gameplay.h"":""2ff160958600d63172df2ac759d7dbd29afdd712d666e55075ca7330db76888d"",""src/geometry.h"":""7e72a4e0f91fdb7ee7907cb04c4a7e5ef574f5027473a022d08d5a94a155148c"",""src/intro.h"":""797ed71bb54292ee5b29d4c0f9358da1c0918450f129ff8b2f2dc43d4121c289"",""src/midi.h"":""3acb2614ed1c5dffb9dee55ce46b0b4524aa22db3e1c12d94b08c900004ffd59"",""src/paddle.h"":""dec8129c794a61b1a08e2e1b555c9b696942996dcdf693d6f07c2293bae06b70"",""src/particles.h"":""b1d73d1a7a382fd75268f0c2ae1f897b107645d3bde769a714e5ae11808027cb"",""src/platform.h"":""4077286cbc4569ff68a3c0d8b84becad39991ba7c3d181fdb46c0c6058cc6b60"",""src/resources.h"":""cee2fdb3183b1658c9a8f570d5e1e296b326854f90cdd6796b2b8b01844334e0"",""src/round.h"":""b52043e2315f91cc610774969d8c9340c7225f625259ebe9f1a8eeb8c0479a31"",""src/runtime.h"":""d02d7b645f0a66bfb818c8992b5d78a6061dc3c506f1c0cce12e19d1b172b6c9"",""src/sound.h"":""b37ad31b1d7859b5588e8e96cb85ec88aed8401b789f1ebca211356f79058a02"",""src/startup.h"":""a28d24f95fad92000835368906944f476b6b22352459234c36ef6278a580da27"",""src/state_types.h"":""8ad676ca4d2a86a795dd0360d9d01cc9fbdf9a877303cd3ec7ba3508601206fb"",""src/trig.h"":""4b16c655b8afd194d11bcf014ad8b8aff65232939ede6238a43f7a47b4017208"",""src/ui.h"":""1104e36f7ced573ec48fd46abbcf80b32de9f9f311b727903220e779df45702b""}"
0x004106D0,append-ball,src/balls.c,5268c8bd2d40bc190387c1a1d6da8a994fc96d367a125f57e013ff07a83a18bf,be4c871d2f211632cd56c8a47812b876c2cde4bdfcce1f2ee3a6394a79725713,756da1ba09edce716d5bf8770320ca0d5ed4e525672b6bb605b9bdb4b88972ba,f097e736bb04d38391c8b524945d58809ec4c42e97c056eca6f40bba2de910c3,7e921c0e8614ad545c56118f1562eaf3d6994fe797c360f245ba84f2c682951f,0c52ffee7b349ac9d51226d1faa049109aec0e708663100357e109be0409dfeb,0,"{""src/balls.c"":""5268c8bd2d40bc190387c1a1d6da8a994fc96d367a125f57e013ff07a83a18bf"",""src/balls.h"":""be4c871d2f211632cd56c8a47812b876c2cde4bdfcce1f2ee3a6394a79725713"",""src/board_storage.h"":""9bec921e6529f79ce9e55b0f8a1b66ecd995ca415fe59b7b57f51f092c5ff383"",""src/boards.h"":""9f770b43348f25141752bff9985b69d4d683bcb9e87453ebbad1e174fb279834"",""src/bonuses.h"":""c556fbc3585ef58fa328e3767805a07b78cebaea05d2a5aacbb9a5414230b939"",""src/core.h"":""487db4713d8953531d4d214000ab82b04d73e6683590dd487cb7535acd84f957"",""src/device.h"":""c5866c53353c76f628199b0ca6f0f1b845b924f3bb82859523eb8b58fef02229"",""src/display.h"":""7d22baf9d37a337ea74298f836bf8b3bef756d1d962ee908fb9bbc3d2200d869"",""src/editor.h"":""9d4060aee8079a5963c1976095df9f113c484c82eb433c73ad41a360a531d2eb"",""src/effects.h"":""3a3c8298b558e5ebbb500e2f1f009124936a57f1c0b1e236f0a44b1125e476cd"",""src/explosion_types.h"":""4b072cfebbc9d510b3b5cdb99807d8f47846135f3a52e9a344ca4ba6cd2e371c"",""src/gameover.h"":""e3cd15cb94b8eb8414595de5ff292a74d521a01ab3a2dc8b4ed5ec22343ad713"",""src/gameplay.h"":""2ff160958600d63172df2ac759d7dbd29afdd712d666e55075ca7330db76888d"",""src/geometry.h"":""7e72a4e0f91fdb7ee7907cb04c4a7e5ef574f5027473a022d08d5a94a155148c"",""src/intro.h"":""797ed71bb54292ee5b29d4c0f9358da1c0918450f129ff8b2f2dc43d4121c289"",""src/midi.h"":""3acb2614ed1c5dffb9dee55ce46b0b4524aa22db3e1c12d94b08c900004ffd59"",""src/paddle.h"":""dec8129c794a61b1a08e2e1b555c9b696942996dcdf693d6f07c2293bae06b70"",""src/particles.h"":""b1d73d1a7a382fd75268f0c2ae1f897b107645d3bde769a714e5ae11808027cb"",""src/platform.h"":""4077286cbc4569ff68a3c0d8b84becad39991ba7c3d181fdb46c0c6058cc6b60"",""src/resources.h"":""cee2fdb3183b1658c9a8f570d5e1e296b326854f90cdd6796b2b8b01844334e0"",""src/round.h"":""b52043e2315f91cc610774969d8c9340c7225f625259ebe9f1a8eeb8c0479a31"",""src/runtime.h"":""d02d7b645f0a66bfb818c8992b5d78a6061dc3c506f1c0cce12e19d1b172b6c9"",""src/sound.h"":""b37ad31b1d7859b5588e8e96cb85ec88aed8401b789f1ebca211356f79058a02"",""src/startup.h"":""a28d24f95fad92000835368906944f476b6b22352459234c36ef6278a580da27"",""src/state_types.h"":""8ad676ca4d2a86a795dd0360d9d01cc9fbdf9a877303cd3ec7ba3508601206fb"",""src/trig.h"":""4b16c655b8afd194d11bcf014ad8b8aff65232939ede6238a43f7a47b4017208"",""src/ui.h"":""1104e36f7ced573ec48fd46abbcf80b32de9f9f311b727903220e779df45702b""}"
0x00411930,initialize-board,src/boards.c,2dea65117d852195f69b82b2b01131222b8c2434dbce8ef791806b379bbac642,9f770b43348f25141752bff9985b69d4d683bcb9e87453ebbad1e174fb279834,756da1ba09edce716d5bf8770320ca0d5ed4e525672b6bb605b9bdb4b88972ba,f097e736bb04d38391c8b524945d58809ec4c42e97c056eca6f40bba2de910c3,00dbc3c91cad90831f45e52362eb1a3067b39601f2a405587e4658a53ce6582b,0c52ffee7b349ac9d51226d1faa049109aec0e708663100357e109be0409dfeb,0,"{""src/balls.h"":""be4c871d2f211632cd56c8a47812b876c2cde4bdfcce1f2ee3a6394a79725713"",""src/board_storage.h"":""9bec921e6529f79ce9e55b0f8a1b66ecd995ca415fe59b7b57f51f092c5ff383"",""src/boards.c"":""2dea65117d852195f69b82b2b01131222b8c2434dbce8ef791806b379bbac642"",""src/boards.h"":""9f770b43348f25141752bff9985b69d4d683bcb9e87453ebbad1e174fb279834"",""src/bonuses.h"":""c556fbc3585ef58fa328e3767805a07b78cebaea05d2a5aacbb9a5414230b939"",""src/core.h"":""487db4713d8953531d4d214000ab82b04d73e6683590dd487cb7535acd84f957"",""src/device.h"":""c5866c53353c76f628199b0ca6f0f1b845b924f3bb82859523eb8b58fef02229"",""src/display.h"":""7d22baf9d37a337ea74298f836bf8b3bef756d1d962ee908fb9bbc3d2200d869"",""src/editor.h"":""9d4060aee8079a5963c1976095df9f113c484c82eb433c73ad41a360a531d2eb"",""src/effects.h"":""3a3c8298b558e5ebbb500e2f1f009124936a57f1c0b1e236f0a44b1125e476cd"",""src/explosion_types.h"":""4b072cfebbc9d510b3b5cdb99807d8f47846135f3a52e9a344ca4ba6cd2e371c"",""src/gameover.h"":""e3cd15cb94b8eb8414595de5ff292a74d521a01ab3a2dc8b4ed5ec22343ad713"",""src/gameplay.h"":""2ff160958600d63172df2ac759d7dbd29afdd712d666e55075ca7330db76888d"",""src/geometry.h"":""7e72a4e0f91fdb7ee7907cb04c4a7e5ef574f5027473a022d08d5a94a155148c"",""src/intro.h"":""797ed71bb54292ee5b29d4c0f9358da1c0918450f129ff8b2f2dc43d4121c289"",""src/midi.h"":""3acb2614ed1c5dffb9dee55ce46b0b4524aa22db3e1c12d94b08c900004ffd59"",""src/paddle.h"":""dec8129c794a61b1a08e2e1b555c9b696942996dcdf693d6f07c2293bae06b70"",""src/particles.h"":""b1d73d1a7a382fd75268f0c2ae1f897b107645d3bde769a714e5ae11808027cb"",""src/platform.h"":""4077286cbc4569ff68a3c0d8b84becad39991ba7c3d181fdb46c0c6058cc6b60"",""src/resources.h"":""cee2fdb3183b1658c9a8f570d5e1e296b326854f90cdd6796b2b8b01844334e0"",""src/round.h"":""b52043e2315f91cc610774969d8c9340c7225f625259ebe9f1a8eeb8c0479a31"",""src/runtime.h"":""d02d7b645f0a66bfb818c8992b5d78a6061dc3c506f1c0cce12e19d1b172b6c9"",""src/sound.h"":""b37ad31b1d7859b5588e8e96cb85ec88aed8401b789f1ebca211356f79058a02"",""src/startup.h"":""a28d24f95fad92000835368906944f476b6b22352459234c36ef6278a580da27"",""src/state_types.h"":""8ad676ca4d2a86a795dd0360d9d01cc9fbdf9a877303cd3ec7ba3508601206fb"",""src/trig.h"":""4b16c655b8afd194d11bcf014ad8b8aff65232939ede6238a43f7a47b4017208"",""src/ui.h"":""1104e36f7ced573ec48fd46abbcf80b32de9f9f311b727903220e779df45702b""}"
0x00412470,append-explosion,src/gameplay.c,2001efa23059a3381e0b424370ca5540431fc9302623599b32595cc645d3e4fb,2ff160958600d63172df2ac759d7dbd29afdd712d666e55075ca7330db76888d,756da1ba09edce716d5bf8770320ca0d5ed4e525672b6bb605b9bdb4b88972ba,f097e736bb04d38391c8b524945d58809ec4c42e97c056eca6f40bba2de910c3,2c6c9b7d1afb94aa5f13584a719d219e311e986e42088bff2188b923e56f6218,0c52ffee7b349ac9d51226d1faa049109aec0e708663100357e109be0409dfeb,0,"{""src/allocator.h"":""1826cbf9b552a43c17e6446a72b6c87a4a08c1f3546dee3f5bfc8f16becbc137"",""src/balls.h"":""be4c871d2f211632cd56c8a47812b876c2cde4bdfcce1f2ee3a6394a79725713"",""src/board_storage.h"":""9bec921e6529f79ce9e55b0f8a1b66ecd995ca415fe59b7b57f51f092c5ff383"",""src/boards.h"":""9f770b43348f25141752bff9985b69d4d683bcb9e87453ebbad1e174fb279834"",""src/bonuses.h"":""c556fbc3585ef58fa328e3767805a07b78cebaea05d2a5aacbb9a5414230b939"",""src/core.h"":""487db4713d8953531d4d214000ab82b04d73e6683590dd487cb7535acd84f957"",""src/device.h"":""c5866c53353c76f628199b0ca6f0f1b845b924f3bb82859523eb8b58fef02229"",""src/display.h"":""7d22baf9d37a337ea74298f836bf8b3bef756d1d962ee908fb9bbc3d2200d869"",""src/editor.h"":""9d4060aee8079a5963c1976095df9f113c484c82eb433c73ad41a360a531d2eb"",""src/effects.h"":""3a3c8298b558e5ebbb500e2f1f009124936a57f1c0b1e236f0a44b1125e476cd"",""src/explosion_types.h"":""4b072cfebbc9d510b3b5cdb99807d8f47846135f3a52e9a344ca4ba6cd2e371c"",""src/gameover.h"":""e3cd15cb94b8eb8414595de5ff292a74d521a01ab3a2dc8b4ed5ec22343ad713"",""src/gameplay.c"":""2001efa23059a3381e0b424370ca5540431fc9302623599b32595cc645d3e4fb"",""src/gameplay.h"":""2ff160958600d63172df2ac759d7dbd29afdd712d666e55075ca7330db76888d"",""src/geometry.h"":""7e72a4e0f91fdb7ee7907cb04c4a7e5ef574f5027473a022d08d5a94a155148c"",""src/intro.h"":""797ed71bb54292ee5b29d4c0f9358da1c0918450f129ff8b2f2dc43d4121c289"",""src/midi.h"":""3acb2614ed1c5dffb9dee55ce46b0b4524aa22db3e1c12d94b08c900004ffd59"",""src/paddle.h"":""dec8129c794a61b1a08e2e1b555c9b696942996dcdf693d6f07c2293bae06b70"",""src/particles.h"":""b1d73d1a7a382fd75268f0c2ae1f897b107645d3bde769a714e5ae11808027cb"",""src/platform.h"":""4077286cbc4569ff68a3c0d8b84becad39991ba7c3d181fdb46c0c6058cc6b60"",""src/resources.h"":""cee2fdb3183b1658c9a8f570d5e1e296b326854f90cdd6796b2b8b01844334e0"",""src/round.h"":""b52043e2315f91cc610774969d8c9340c7225f625259ebe9f1a8eeb8c0479a31"",""src/runtime.h"":""d02d7b645f0a66bfb818c8992b5d78a6061dc3c506f1c0cce12e19d1b172b6c9"",""src/sound.h"":""b37ad31b1d7859b5588e8e96cb85ec88aed8401b789f1ebca211356f79058a02"",""src/startup.h"":""a28d24f95fad92000835368906944f476b6b22352459234c36ef6278a580da27"",""src/state_types.h"":""8ad676ca4d2a86a795dd0360d9d01cc9fbdf9a877303cd3ec7ba3508601206fb"",""src/trig.h"":""4b16c655b8afd194d11bcf014ad8b8aff65232939ede6238a43f7a47b4017208"",""src/ui.h"":""1104e36f7ced573ec48fd46abbcf80b32de9f9f311b727903220e779df45702b""}"
0x00412510,process-brick-effects,src/effects.c,8351dacd2ae30ad46e043f926c720c62987489456294fc63739ff029a01d790e,3a3c8298b558e5ebbb500e2f1f009124936a57f1c0b1e236f0a44b1125e476cd,756da1ba09edce716d5bf8770320ca0d5ed4e525672b6bb605b9bdb4b88972ba,f097e736bb04d38391c8b524945d58809ec4c42e97c056eca6f40bba2de910c3,922dc9dbf2b323c77526c826f5db0d331a136461ce6691f00490d30bd9dd367f,0c52ffee7b349ac9d51226d1faa049109aec0e708663100357e109be0409dfeb,0,"{""src/allocator.h"":""1826cbf9b552a43c17e6446a72b6c87a4a08c1f3546dee3f5bfc8f16becbc137"",""src/balls.h"":""be4c871d2f211632cd56c8a47812b876c2cde4bdfcce1f2ee3a6394a79725713"",""src/board_storage.h"":""9bec921e6529f79ce9e55b0f8a1b66ecd995ca415fe59b7b57f51f092c5ff383"",""src/boards.h"":""9f770b43348f25141752bff9985b69d4d683bcb9e87453ebbad1e174fb279834"",""src/bonuses.h"":""c556fbc3585ef58fa328e3767805a07b78cebaea05d2a5aacbb9a5414230b939"",""src/core.h"":""487db4713d8953531d4d214000ab82b04d73e6683590dd487cb7535acd84f957"",""src/device.h"":""c5866c53353c76f628199b0ca6f0f1b845b924f3bb82859523eb8b58fef02229"",""src/display.h"":""7d22baf9d37a337ea74298f836bf8b3bef756d1d962ee908fb9bbc3d2200d869"",""src/editor.h"":""9d4060aee8079a5963c1976095df9f113c484c82eb433c73ad41a360a531d2eb"",""src/effects.c"":""8351dacd2ae30ad46e043f926c720c62987489456294fc63739ff029a01d790e"",""src/effects.h"":""3a3c8298b558e5ebbb500e2f1f009124936a57f1c0b1e236f0a44b1125e476cd"",""src/explosion_types.h"":""4b072cfebbc9d510b3b5cdb99807d8f47846135f3a52e9a344ca4ba6cd2e371c"",""src/gameover.h"":""e3cd15cb94b8eb8414595de5ff292a74d521a01ab3a2dc8b4ed5ec22343ad713"",""src/gameplay.h"":""2ff160958600d63172df2ac759d7dbd29afdd712d666e55075ca7330db76888d"",""src/geometry.h"":""7e72a4e0f91fdb7ee7907cb04c4a7e5ef574f5027473a022d08d5a94a155148c"",""src/intro.h"":""797ed71bb54292ee5b29d4c0f9358da1c0918450f129ff8b2f2dc43d4121c289"",""src/midi.h"":""3acb2614ed1c5dffb9dee55ce46b0b4524aa22db3e1c12d94b08c900004ffd59"",""src/paddle.h"":""dec8129c794a61b1a08e2e1b555c9b696942996dcdf693d6f07c2293bae06b70"",""src/particles.h"":""b1d73d1a7a382fd75268f0c2ae1f897b107645d3bde769a714e5ae11808027cb"",""src/platform.h"":""4077286cbc4569ff68a3c0d8b84becad39991ba7c3d181fdb46c0c6058cc6b60"",""src/resources.h"":""cee2fdb3183b1658c9a8f570d5e1e296b326854f90cdd6796b2b8b01844334e0"",""src/round.h"":""b52043e2315f91cc610774969d8c9340c7225f625259ebe9f1a8eeb8c0479a31"",""src/runtime.h"":""d02d7b645f0a66bfb818c8992b5d78a6061dc3c506f1c0cce12e19d1b172b6c9"",""src/sound.h"":""b37ad31b1d7859b5588e8e96cb85ec88aed8401b789f1ebca211356f79058a02"",""src/startup.h"":""a28d24f95fad92000835368906944f476b6b22352459234c36ef6278a580da27"",""src/state_types.h"":""8ad676ca4d2a86a795dd0360d9d01cc9fbdf9a877303cd3ec7ba3508601206fb"",""src/trig.h"":""4b16c655b8afd194d11bcf014ad8b8aff65232939ede6238a43f7a47b4017208"",""src/ui.h"":""1104e36f7ced573ec48fd46abbcf80b32de9f9f311b727903220e779df45702b""}"
0x00412590,advance-brick-effect,src/effects.c,8351dacd2ae30ad46e043f926c720c62987489456294fc63739ff029a01d790e,3a3c8298b558e5ebbb500e2f1f009124936a57f1c0b1e236f0a44b1125e476cd,756da1ba09edce716d5bf8770320ca0d5ed4e525672b6bb605b9bdb4b88972ba,f097e736bb04d38391c8b524945d58809ec4c42e97c056eca6f40bba2de910c3,922dc9dbf2b323c77526c826f5db0d331a136461ce6691f00490d30bd9dd367f,0c52ffee7b349ac9d51226d1faa049109aec0e708663100357e109be0409dfeb,0,"{""src/allocator.h"":""1826cbf9b552a43c17e6446a72b6c87a4a08c1f3546dee3f5bfc8f16becbc137"",""src/balls.h"":""be4c871d2f211632cd56c8a47812b876c2cde4bdfcce1f2ee3a6394a79725713"",""src/board_storage.h"":""9bec921e6529f79ce9e55b0f8a1b66ecd995ca415fe59b7b57f51f092c5ff383"",""src/boards.h"":""9f770b43348f25141752bff9985b69d4d683bcb9e87453ebbad1e174fb279834"",""src/bonuses.h"":""c556fbc3585ef58fa328e3767805a07b78cebaea05d2a5aacbb9a5414230b939"",""src/core.h"":""487db4713d8953531d4d214000ab82b04d73e6683590dd487cb7535acd84f957"",""src/device.h"":""c5866c53353c76f628199b0ca6f0f1b845b924f3bb82859523eb8b58fef02229"",""src/display.h"":""7d22baf9d37a337ea74298f836bf8b3bef756d1d962ee908fb9bbc3d2200d869"",""src/editor.h"":""9d4060aee8079a5963c1976095df9f113c484c82eb433c73ad41a360a531d2eb"",""src/effects.c"":""8351dacd2ae30ad46e043f926c720c62987489456294fc63739ff029a01d790e"",""src/effects.h"":""3a3c8298b558e5ebbb500e2f1f009124936a57f1c0b1e236f0a44b1125e476cd"",""src/explosion_types.h"":""4b072cfebbc9d510b3b5cdb99807d8f47846135f3a52e9a344ca4ba6cd2e371c"",""src/gameover.h"":""e3cd15cb94b8eb8414595de5ff292a74d521a01ab3a2dc8b4ed5ec22343ad713"",""src/gameplay.h"":""2ff160958600d63172df2ac759d7dbd29afdd712d666e55075ca7330db76888d"",""src/geometry.h"":""7e72a4e0f91fdb7ee7907cb04c4a7e5ef574f5027473a022d08d5a94a155148c"",""src/intro.h"":""797ed71bb54292ee5b29d4c0f9358da1c0918450f129ff8b2f2dc43d4121c289"",""src/midi.h"":""3acb2614ed1c5dffb9dee55ce46b0b4524aa22db3e1c12d94b08c900004ffd59"",""src/paddle.h"":""dec8129c794a61b1a08e2e1b555c9b696942996dcdf693d6f07c2293bae06b70"",""src/particles.h"":""b1d73d1a7a382fd75268f0c2ae1f897b107645d3bde769a714e5ae11808027cb"",""src/platform.h"":""4077286cbc4569ff68a3c0d8b84becad39991ba7c3d181fdb46c0c6058cc6b60"",""src/resources.h"":""cee2fdb3183b1658c9a8f570d5e1e296b326854f90cdd6796b2b8b01844334e0"",""src/round.h"":""b52043e2315f91cc610774969d8c9340c7225f625259ebe9f1a8eeb8c0479a31"",""src/runtime.h"":""d02d7b645f0a66bfb818c8992b5d78a6061dc3c506f1c0cce12e19d1b172b6c9"",""src/sound.h"":""b37ad31b1d7859b5588e8e96cb85ec88aed8401b789f1ebca211356f79058a02"",""src/startup.h"":""a28d24f95fad92000835368906944f476b6b22352459234c36ef6278a580da27"",""src/state_types.h"":""8ad676ca4d2a86a795dd0360d9d01cc9fbdf9a877303cd3ec7ba3508601206fb"",""src/trig.h"":""4b16c655b8afd194d11bcf014ad8b8aff65232939ede6238a43f7a47b4017208"",""src/ui.h"":""1104e36f7ced573ec48fd46abbcf80b32de9f9f311b727903220e779df45702b""}"
0x004125F0,spawn-explosion-effect,src/effects.c,8351dacd2ae30ad46e043f926c720c62987489456294fc63739ff029a01d790e,3a3c8298b558e5ebbb500e2f1f009124936a57f1c0b1e236f0a44b1125e476cd,756da1ba09edce716d5bf8770320ca0d5ed4e525672b6bb605b9bdb4b88972ba,f097e736bb04d38391c8b524945d58809ec4c42e97c056eca6f40bba2de910c3,922dc9dbf2b323c77526c826f5db0d331a136461ce6691f00490d30bd9dd367f,0c52ffee7b349ac9d51226d1faa049109aec0e708663100357e109be0409dfeb,0,"{""src/allocator.h"":""1826cbf9b552a43c17e6446a72b6c87a4a08c1f3546dee3f5bfc8f16becbc137"",""src/balls.h"":""be4c871d2f211632cd56c8a47812b876c2cde4bdfcce1f2ee3a6394a79725713"",""src/board_storage.h"":""9bec921e6529f79ce9e55b0f8a1b66ecd995ca415fe59b7b57f51f092c5ff383"",""src/boards.h"":""9f770b43348f25141752bff9985b69d4d683bcb9e87453ebbad1e174fb279834"",""src/bonuses.h"":""c556fbc3585ef58fa328e3767805a07b78cebaea05d2a5aacbb9a5414230b939"",""src/core.h"":""487db4713d8953531d4d214000ab82b04d73e6683590dd487cb7535acd84f957"",""src/device.h"":""c5866c53353c76f628199b0ca6f0f1b845b924f3bb82859523eb8b58fef02229"",""src/display.h"":""7d22baf9d37a337ea74298f836bf8b3bef756d1d962ee908fb9bbc3d2200d869"",""src/editor.h"":""9d4060aee8079a5963c1976095df9f113c484c82eb433c73ad41a360a531d2eb"",""src/effects.c"":""8351dacd2ae30ad46e043f926c720c62987489456294fc63739ff029a01d790e"",""src/effects.h"":""3a3c8298b558e5ebbb500e2f1f009124936a57f1c0b1e236f0a44b1125e476cd"",""src/explosion_types.h"":""4b072cfebbc9d510b3b5cdb99807d8f47846135f3a52e9a344ca4ba6cd2e371c"",""src/gameover.h"":""e3cd15cb94b8eb8414595de5ff292a74d521a01ab3a2dc8b4ed5ec22343ad713"",""src/gameplay.h"":""2ff160958600d63172df2ac759d7dbd29afdd712d666e55075ca7330db76888d"",""src/geometry.h"":""7e72a4e0f91fdb7ee7907cb04c4a7e5ef574f5027473a022d08d5a94a155148c"",""src/intro.h"":""797ed71bb54292ee5b29d4c0f9358da1c0918450f129ff8b2f2dc43d4121c289"",""src/midi.h"":""3acb2614ed1c5dffb9dee55ce46b0b4524aa22db3e1c12d94b08c900004ffd59"",""src/paddle.h"":""dec8129c794a61b1a08e2e1b555c9b696942996dcdf693d6f07c2293bae06b70"",""src/particles.h"":""b1d73d1a7a382fd75268f0c2ae1f897b107645d3bde769a714e5ae11808027cb"",""src/platform.h"":""4077286cbc4569ff68a3c0d8b84becad39991ba7c3d181fdb46c0c6058cc6b60"",""src/resources.h"":""cee2fdb3183b1658c9a8f570d5e1e296b326854f90cdd6796b2b8b01844334e0"",""src/round.h"":""b52043e2315f91cc610774969d8c9340c7225f625259ebe9f1a8eeb8c0479a31"",""src/runtime.h"":""d02d7b645f0a66bfb818c8992b5d78a6061dc3c506f1c0cce12e19d1b172b6c9"",""src/sound.h"":""b37ad31b1d7859b5588e8e96cb85ec88aed8401b789f1ebca211356f79058a02"",""src/startup.h"":""a28d24f95fad92000835368906944f476b6b22352459234c36ef6278a580da27"",""src/state_types.h"":""8ad676ca4d2a86a795dd0360d9d01cc9fbdf9a877303cd3ec7ba3508601206fb"",""src/trig.h"":""4b16c655b8afd194d11bcf014ad8b8aff65232939ede6238a43f7a47b4017208"",""src/ui.h"":""1104e36f7ced573ec48fd46abbcf80b32de9f9f311b727903220e779df45702b""}"
0x00412690,append-brick-effect,src/effects.c,8351dacd2ae30ad46e043f926c720c62987489456294fc63739ff029a01d790e,3a3c8298b558e5ebbb500e2f1f009124936a57f1c0b1e236f0a44b1125e476cd,756da1ba09edce716d5bf8770320ca0d5ed4e525672b6bb605b9bdb4b88972ba,f097e736bb04d38391c8b524945d58809ec4c42e97c056eca6f40bba2de910c3,922dc9dbf2b323c77526c826f5db0d331a136461ce6691f00490d30bd9dd367f,0c52ffee7b349ac9d51226d1faa049109aec0e708663100357e109be0409dfeb,0,"{""src/allocator.h"":""1826cbf9b552a43c17e6446a72b6c87a4a08c1f3546dee3f5bfc8f16becbc137"",""src/balls.h"":""be4c871d2f211632cd56c8a47812b876c2cde4bdfcce1f2ee3a6394a79725713"",""src/board_storage.h"":""9bec921e6529f79ce9e55b0f8a1b66ecd995ca415fe59b7b57f51f092c5ff383"",""src/boards.h"":""9f770b43348f25141752bff9985b69d4d683bcb9e87453ebbad1e174fb279834"",""src/bonuses.h"":""c556fbc3585ef58fa328e3767805a07b78cebaea05d2a5aacbb9a5414230b939"",""src/core.h"":""487db4713d8953531d4d214000ab82b04d73e6683590dd487cb7535acd84f957"",""src/device.h"":""c5866c53353c76f628199b0ca6f0f1b845b924f3bb82859523eb8b58fef02229"",""src/display.h"":""7d22baf9d37a337ea74298f836bf8b3bef756d1d962ee908fb9bbc3d2200d869"",""src/editor.h"":""9d4060aee8079a5963c1976095df9f113c484c82eb433c73ad41a360a531d2eb"",""src/effects.c"":""8351dacd2ae30ad46e043f926c720c62987489456294fc63739ff029a01d790e"",""src/effects.h"":""3a3c8298b558e5ebbb500e2f1f009124936a57f1c0b1e236f0a44b1125e476cd"",""src/explosion_types.h"":""4b072cfebbc9d510b3b5cdb99807d8f47846135f3a52e9a344ca4ba6cd2e371c"",""src/gameover.h"":""e3cd15cb94b8eb8414595de5ff292a74d521a01ab3a2dc8b4ed5ec22343ad713"",""src/gameplay.h"":""2ff160958600d63172df2ac759d7dbd29afdd712d666e55075ca7330db76888d"",""src/geometry.h"":""7e72a4e0f91fdb7ee7907cb04c4a7e5ef574f5027473a022d08d5a94a155148c"",""src/intro.h"":""797ed71bb54292ee5b29d4c0f9358da1c0918450f129ff8b2f2dc43d4121c289"",""src/midi.h"":""3acb2614ed1c5dffb9dee55ce46b0b4524aa22db3e1c12d94b08c900004ffd59"",""src/paddle.h"":""dec8129c794a61b1a08e2e1b555c9b696942996dcdf693d6f07c2293bae06b70"",""src/particles.h"":""b1d73d1a7a382fd75268f0c2ae1f897b107645d3bde769a714e5ae11808027cb"",""src/platform.h"":""4077286cbc4569ff68a3c0d8b84becad39991ba7c3d181fdb46c0c6058cc6b60"",""src/resources.h"":""cee2fdb3183b1658c9a8f570d5e1e296b326854f90cdd6796b2b8b01844334e0"",""src/round.h"":""b52043e2315f91cc610774969d8c9340c7225f625259ebe9f1a8eeb8c0479a31"",""src/runtime.h"":""d02d7b645f0a66bfb818c8992b5d78a6061dc3c506f1c0cce12e19d1b172b6c9"",""src/sound.h"":""b37ad31b1d7859b5588e8e96cb85ec88aed8401b789f1ebca211356f79058a02"",""src/startup.h"":""a28d24f95fad92000835368906944f476b6b22352459234c36ef6278a580da27"",""src/state_types.h"":""8ad676ca4d2a86a795dd0360d9d01cc9fbdf9a877303cd3ec7ba3508601206fb"",""src/trig.h"":""4b16c655b8afd194d11bcf014ad8b8aff65232939ede6238a43f7a47b4017208"",""src/ui.h"":""1104e36f7ced573ec48fd46abbcf80b32de9f9f311b727903220e779df45702b""}"
0x00413D80,append-bonus,src/bonuses.c,d2abd5225630c99f0583d50900b1b577936d6256d1002354741fb5a25befe2ba,c556fbc3585ef58fa328e3767805a07b78cebaea05d2a5aacbb9a5414230b939,756da1ba09edce716d5bf8770320ca0d5ed4e525672b6bb605b9bdb4b88972ba,f097e736bb04d38391c8b524945d58809ec4c42e97c056eca6f40bba2de910c3,1a7fb81304041f07df99a8dc3126b65602eec232f6bcf92fc8ba1a8e9d6fe276,0c52ffee7b349ac9d51226d1faa049109aec0e708663100357e109be0409dfeb,0,"{""src/balls.h"":""be4c871d2f211632cd56c8a47812b876c2cde4bdfcce1f2ee3a6394a79725713"",""src/board_storage.h"":""9bec921e6529f79ce9e55b0f8a1b66ecd995ca415fe59b7b57f51f092c5ff383"",""src/boards.h"":""9f770b43348f25141752bff9985b69d4d683bcb9e87453ebbad1e174fb279834"",""src/bonuses.c"":""d2abd5225630c99f0583d50900b1b577936d6256d1002354741fb5a25befe2ba"",""src/bonuses.h"":""c556fbc3585ef58fa328e3767805a07b78cebaea05d2a5aacbb9a5414230b939"",""src/core.h"":""487db4713d8953531d4d214000ab82b04d73e6683590dd487cb7535acd84f957"",""src/device.h"":""c5866c53353c76f628199b0ca6f0f1b845b924f3bb82859523eb8b58fef02229"",""src/display.h"":""7d22baf9d37a337ea74298f836bf8b3bef756d1d962ee908fb9bbc3d2200d869"",""src/editor.h"":""9d4060aee8079a5963c1976095df9f113c484c82eb433c73ad41a360a531d2eb"",""src/effects.h"":""3a3c8298b558e5ebbb500e2f1f009124936a57f1c0b1e236f0a44b1125e476cd"",""src/explosion_types.h"":""4b072cfebbc9d510b3b5cdb99807d8f47846135f3a52e9a344ca4ba6cd2e371c"",""src/gameover.h"":""e3cd15cb94b8eb8414595de5ff292a74d521a01ab3a2dc8b4ed5ec22343ad713"",""src/gameplay.h"":""2ff160958600d63172df2ac759d7dbd29afdd712d666e55075ca7330db76888d"",""src/geometry.h"":""7e72a4e0f91fdb7ee7907cb04c4a7e5ef574f5027473a022d08d5a94a155148c"",""src/intro.h"":""797ed71bb54292ee5b29d4c0f9358da1c0918450f129ff8b2f2dc43d4121c289"",""src/midi.h"":""3acb2614ed1c5dffb9dee55ce46b0b4524aa22db3e1c12d94b08c900004ffd59"",""src/paddle.h"":""dec8129c794a61b1a08e2e1b555c9b696942996dcdf693d6f07c2293bae06b70"",""src/particles.h"":""b1d73d1a7a382fd75268f0c2ae1f897b107645d3bde769a714e5ae11808027cb"",""src/platform.h"":""4077286cbc4569ff68a3c0d8b84becad39991ba7c3d181fdb46c0c6058cc6b60"",""src/resources.h"":""cee2fdb3183b1658c9a8f570d5e1e296b326854f90cdd6796b2b8b01844334e0"",""src/round.h"":""b52043e2315f91cc610774969d8c9340c7225f625259ebe9f1a8eeb8c0479a31"",""src/runtime.h"":""d02d7b645f0a66bfb818c8992b5d78a6061dc3c506f1c0cce12e19d1b172b6c9"",""src/sound.h"":""b37ad31b1d7859b5588e8e96cb85ec88aed8401b789f1ebca211356f79058a02"",""src/startup.h"":""a28d24f95fad92000835368906944f476b6b22352459234c36ef6278a580da27"",""src/state_types.h"":""8ad676ca4d2a86a795dd0360d9d01cc9fbdf9a877303cd3ec7ba3508601206fb"",""src/trig.h"":""4b16c655b8afd194d11bcf014ad8b8aff65232939ede6238a43f7a47b4017208"",""src/ui.h"":""1104e36f7ced573ec48fd46abbcf80b32de9f9f311b727903220e779df45702b""}"
0x004146A0,begin-bonuses,src/bonuses.c,d2abd5225630c99f0583d50900b1b577936d6256d1002354741fb5a25befe2ba,c556fbc3585ef58fa328e3767805a07b78cebaea05d2a5aacbb9a5414230b939,756da1ba09edce716d5bf8770320ca0d5ed4e525672b6bb605b9bdb4b88972ba,f097e736bb04d38391c8b524945d58809ec4c42e97c056eca6f40bba2de910c3,1a7fb81304041f07df99a8dc3126b65602eec232f6bcf92fc8ba1a8e9d6fe276,0c52ffee7b349ac9d51226d1faa049109aec0e708663100357e109be0409dfeb,0,"{""src/balls.h"":""be4c871d2f211632cd56c8a47812b876c2cde4bdfcce1f2ee3a6394a79725713"",""src/board_storage.h"":""9bec921e6529f79ce9e55b0f8a1b66ecd995ca415fe59b7b57f51f092c5ff383"",""src/boards.h"":""9f770b43348f25141752bff9985b69d4d683bcb9e87453ebbad1e174fb279834"",""src/bonuses.c"":""d2abd5225630c99f0583d50900b1b577936d6256d1002354741fb5a25befe2ba"",""src/bonuses.h"":""c556fbc3585ef58fa328e3767805a07b78cebaea05d2a5aacbb9a5414230b939"",""src/core.h"":""487db4713d8953531d4d214000ab82b04d73e6683590dd487cb7535acd84f957"",""src/device.h"":""c5866c53353c76f628199b0ca6f0f1b845b924f3bb82859523eb8b58fef02229"",""src/display.h"":""7d22baf9d37a337ea74298f836bf8b3bef756d1d962ee908fb9bbc3d2200d869"",""src/editor.h"":""9d4060aee8079a5963c1976095df9f113c484c82eb433c73ad41a360a531d2eb"",""src/effects.h"":""3a3c8298b558e5ebbb500e2f1f009124936a57f1c0b1e236f0a44b1125e476cd"",""src/explosion_types.h"":""4b072cfebbc9d510b3b5cdb99807d8f47846135f3a52e9a344ca4ba6cd2e371c"",""src/gameover.h"":""e3cd15cb94b8eb8414595de5ff292a74d521a01ab3a2dc8b4ed5ec22343ad713"",""src/gameplay.h"":""2ff160958600d63172df2ac759d7dbd29afdd712d666e55075ca7330db76888d"",""src/geometry.h"":""7e72a4e0f91fdb7ee7907cb04c4a7e5ef574f5027473a022d08d5a94a155148c"",""src/intro.h"":""797ed71bb54292ee5b29d4c0f9358da1c0918450f129ff8b2f2dc43d4121c289"",""src/midi.h"":""3acb2614ed1c5dffb9dee55ce46b0b4524aa22db3e1c12d94b08c900004ffd59"",""src/paddle.h"":""dec8129c794a61b1a08e2e1b555c9b696942996dcdf693d6f07c2293bae06b70"",""src/particles.h"":""b1d73d1a7a382fd75268f0c2ae1f897b107645d3bde769a714e5ae11808027cb"",""src/platform.h"":""4077286cbc4569ff68a3c0d8b84becad39991ba7c3d181fdb46c0c6058cc6b60"",""src/resources.h"":""cee2fdb3183b1658c9a8f570d5e1e296b326854f90cdd6796b2b8b01844334e0"",""src/round.h"":""b52043e2315f91cc610774969d8c9340c7225f625259ebe9f1a8eeb8c0479a31"",""src/runtime.h"":""d02d7b645f0a66bfb818c8992b5d78a6061dc3c506f1c0cce12e19d1b172b6c9"",""src/sound.h"":""b37ad31b1d7859b5588e8e96cb85ec88aed8401b789f1ebca211356f79058a02"",""src/startup.h"":""a28d24f95fad92000835368906944f476b6b22352459234c36ef6278a580da27"",""src/state_types.h"":""8ad676ca4d2a86a795dd0360d9d01cc9fbdf9a877303cd3ec7ba3508601206fb"",""src/trig.h"":""4b16c655b8afd194d11bcf014ad8b8aff65232939ede6238a43f7a47b4017208"",""src/ui.h"":""1104e36f7ced573ec48fd46abbcf80b32de9f9f311b727903220e779df45702b""}"
0x004146E0,advance-bonus,src/bonuses.c,d2abd5225630c99f0583d50900b1b577936d6256d1002354741fb5a25befe2ba,c556fbc3585ef58fa328e3767805a07b78cebaea05d2a5aacbb9a5414230b939,756da1ba09edce716d5bf8770320ca0d5ed4e525672b6bb605b9bdb4b88972ba,f097e736bb04d38391c8b524945d58809ec4c42e97c056eca6f40bba2de910c3,1a7fb81304041f07df99a8dc3126b65602eec232f6bcf92fc8ba1a8e9d6fe276,0c52ffee7b349ac9d51226d1faa049109aec0e708663100357e109be0409dfeb,0,"{""src/balls.h"":""be4c871d2f211632cd56c8a47812b876c2cde4bdfcce1f2ee3a6394a79725713"",""src/board_storage.h"":""9bec921e6529f79ce9e55b0f8a1b66ecd995ca415fe59b7b57f51f092c5ff383"",""src/boards.h"":""9f770b43348f25141752bff9985b69d4d683bcb9e87453ebbad1e174fb279834"",""src/bonuses.c"":""d2abd5225630c99f0583d50900b1b577936d6256d1002354741fb5a25befe2ba"",""src/bonuses.h"":""c556fbc3585ef58fa328e3767805a07b78cebaea05d2a5aacbb9a5414230b939"",""src/core.h"":""487db4713d8953531d4d214000ab82b04d73e6683590dd487cb7535acd84f957"",""src/device.h"":""c5866c53353c76f628199b0ca6f0f1b845b924f3bb82859523eb8b58fef02229"",""src/display.h"":""7d22baf9d37a337ea74298f836bf8b3bef756d1d962ee908fb9bbc3d2200d869"",""src/editor.h"":""9d4060aee8079a5963c1976095df9f113c484c82eb433c73ad41a360a531d2eb"",""src/effects.h"":""3a3c8298b558e5ebbb500e2f1f009124936a57f1c0b1e236f0a44b1125e476cd"",""src/explosion_types.h"":""4b072cfebbc9d510b3b5cdb99807d8f47846135f3a52e9a344ca4ba6cd2e371c"",""src/gameover.h"":""e3cd15cb94b8eb8414595de5ff292a74d521a01ab3a2dc8b4ed5ec22343ad713"",""src/gameplay.h"":""2ff160958600d63172df2ac759d7dbd29afdd712d666e55075ca7330db76888d"",""src/geometry.h"":""7e72a4e0f91fdb7ee7907cb04c4a7e5ef574f5027473a022d08d5a94a155148c"",""src/intro.h"":""797ed71bb54292ee5b29d4c0f9358da1c0918450f129ff8b2f2dc43d4121c289"",""src/midi.h"":""3acb2614ed1c5dffb9dee55ce46b0b4524aa22db3e1c12d94b08c900004ffd59"",""src/paddle.h"":""dec8129c794a61b1a08e2e1b555c9b696942996dcdf693d6f07c2293bae06b70"",""src/particles.h"":""b1d73d1a7a382fd75268f0c2ae1f897b107645d3bde769a714e5ae11808027cb"",""src/platform.h"":""4077286cbc4569ff68a3c0d8b84becad39991ba7c3d181fdb46c0c6058cc6b60"",""src/resources.h"":""cee2fdb3183b1658c9a8f570d5e1e296b326854f90cdd6796b2b8b01844334e0"",""src/round.h"":""b52043e2315f91cc610774969d8c9340c7225f625259ebe9f1a8eeb8c0479a31"",""src/runtime.h"":""d02d7b645f0a66bfb818c8992b5d78a6061dc3c506f1c0cce12e19d1b172b6c9"",""src/sound.h"":""b37ad31b1d7859b5588e8e96cb85ec88aed8401b789f1ebca211356f79058a02"",""src/startup.h"":""a28d24f95fad92000835368906944f476b6b22352459234c36ef6278a580da27"",""src/state_types.h"":""8ad676ca4d2a86a795dd0360d9d01cc9fbdf9a877303cd3ec7ba3508601206fb"",""src/trig.h"":""4b16c655b8afd194d11bcf014ad8b8aff65232939ede6238a43f7a47b4017208"",""src/ui.h"":""1104e36f7ced573ec48fd46abbcf80b32de9f9f311b727903220e779df45702b""}"
0x004147A0,retire-bonus,src/bonuses.c,d2abd5225630c99f0583d50900b1b577936d6256d1002354741fb5a25befe2ba,c556fbc3585ef58fa328e3767805a07b78cebaea05d2a5aacbb9a5414230b939,756da1ba09edce716d5bf8770320ca0d5ed4e525672b6bb605b9bdb4b88972ba,f097e736bb04d38391c8b524945d58809ec4c42e97c056eca6f40bba2de910c3,1a7fb81304041f07df99a8dc3126b65602eec232f6bcf92fc8ba1a8e9d6fe276,0c52ffee7b349ac9d51226d1faa049109aec0e708663100357e109be0409dfeb,0,"{""src/balls.h"":""be4c871d2f211632cd56c8a47812b876c2cde4bdfcce1f2ee3a6394a79725713"",""src/board_storage.h"":""9bec921e6529f79ce9e55b0f8a1b66ecd995ca415fe59b7b57f51f092c5ff383"",""src/boards.h"":""9f770b43348f25141752bff9985b69d4d683bcb9e87453ebbad1e174fb279834"",""src/bonuses.c"":""d2abd5225630c99f0583d50900b1b577936d6256d1002354741fb5a25befe2ba"",""src/bonuses.h"":""c556fbc3585ef58fa328e3767805a07b78cebaea05d2a5aacbb9a5414230b939"",""src/core.h"":""487db4713d8953531d4d214000ab82b04d73e6683590dd487cb7535acd84f957"",""src/device.h"":""c5866c53353c76f628199b0ca6f0f1b845b924f3bb82859523eb8b58fef02229"",""src/display.h"":""7d22baf9d37a337ea74298f836bf8b3bef756d1d962ee908fb9bbc3d2200d869"",""src/editor.h"":""9d4060aee8079a5963c1976095df9f113c484c82eb433c73ad41a360a531d2eb"",""src/effects.h"":""3a3c8298b558e5ebbb500e2f1f009124936a57f1c0b1e236f0a44b1125e476cd"",""src/explosion_types.h"":""4b072cfebbc9d510b3b5cdb99807d8f47846135f3a52e9a344ca4ba6cd2e371c"",""src/gameover.h"":""e3cd15cb94b8eb8414595de5ff292a74d521a01ab3a2dc8b4ed5ec22343ad713"",""src/gameplay.h"":""2ff160958600d63172df2ac759d7dbd29afdd712d666e55075ca7330db76888d"",""src/geometry.h"":""7e72a4e0f91fdb7ee7907cb04c4a7e5ef574f5027473a022d08d5a94a155148c"",""src/intro.h"":""797ed71bb54292ee5b29d4c0f9358da1c0918450f129ff8b2f2dc43d4121c289"",""src/midi.h"":""3acb2614ed1c5dffb9dee55ce46b0b4524aa22db3e1c12d94b08c900004ffd59"",""src/paddle.h"":""dec8129c794a61b1a08e2e1b555c9b696942996dcdf693d6f07c2293bae06b70"",""src/particles.h"":""b1d73d1a7a382fd75268f0c2ae1f897b107645d3bde769a714e5ae11808027cb"",""src/platform.h"":""4077286cbc4569ff68a3c0d8b84becad39991ba7c3d181fdb46c0c6058cc6b60"",""src/resources.h"":""cee2fdb3183b1658c9a8f570d5e1e296b326854f90cdd6796b2b8b01844334e0"",""src/round.h"":""b52043e2315f91cc610774969d8c9340c7225f625259ebe9f1a8eeb8c0479a31"",""src/runtime.h"":""d02d7b645f0a66bfb818c8992b5d78a6061dc3c506f1c0cce12e19d1b172b6c9"",""src/sound.h"":""b37ad31b1d7859b5588e8e96cb85ec88aed8401b789f1ebca211356f79058a02"",""src/startup.h"":""a28d24f95fad92000835368906944f476b6b22352459234c36ef6278a580da27"",""src/state_types.h"":""8ad676ca4d2a86a795dd0360d9d01cc9fbdf9a877303cd3ec7ba3508601206fb"",""src/trig.h"":""4b16c655b8afd194d11bcf014ad8b8aff65232939ede6238a43f7a47b4017208"",""src/ui.h"":""1104e36f7ced573ec48fd46abbcf80b32de9f9f311b727903220e779df45702b""}"
0x004148A0,spawn-particle,src/particles.c,32781a77d5d4fe1bd73178b1bf816830a9ccd967f6fa1aab14d033c8b0cfa74c,b1d73d1a7a382fd75268f0c2ae1f897b107645d3bde769a714e5ae11808027cb,756da1ba09edce716d5bf8770320ca0d5ed4e525672b6bb605b9bdb4b88972ba,f097e736bb04d38391c8b524945d58809ec4c42e97c056eca6f40bba2de910c3,e26e43de6b1a7ed82401f4217d94f9b318f73c15470e2f4715ebd0df3d8d041d,0c52ffee7b349ac9d51226d1faa049109aec0e708663100357e109be0409dfeb,0,"{""src/balls.h"":""be4c871d2f211632cd56c8a47812b876c2cde4bdfcce1f2ee3a6394a79725713"",""src/board_storage.h"":""9bec921e6529f79ce9e55b0f8a1b66ecd995ca415fe59b7b57f51f092c5ff383"",""src/boards.h"":""9f770b43348f25141752bff9985b69d4d683bcb9e87453ebbad1e174fb279834"",""src/bonuses.h"":""c556fbc3585ef58fa328e3767805a07b78cebaea05d2a5aacbb9a5414230b939"",""src/core.h"":""487db4713d8953531d4d214000ab82b04d73e6683590dd487cb7535acd84f957"",""src/device.h"":""c5866c53353c76f628199b0ca6f0f1b845b924f3bb82859523eb8b58fef02229"",""src/display.h"":""7d22baf9d37a337ea74298f836bf8b3bef756d1d962ee908fb9bbc3d2200d869"",""src/editor.h"":""9d4060aee8079a5963c1976095df9f113c484c82eb433c73ad41a360a531d2eb"",""src/effects.h"":""3a3c8298b558e5ebbb500e2f1f009124936a57f1c0b1e236f0a44b1125e476cd"",""src/explosion_types.h"":""4b072cfebbc9d510b3b5cdb99807d8f47846135f3a52e9a344ca4ba6cd2e371c"",""src/gameover.h"":""e3cd15cb94b8eb8414595de5ff292a74d521a01ab3a2dc8b4ed5ec22343ad713"",""src/gameplay.h"":""2ff160958600d63172df2ac759d7dbd29afdd712d666e55075ca7330db76888d"",""src/geometry.h"":""7e72a4e0f91fdb7ee7907cb04c4a7e5ef574f5027473a022d08d5a94a155148c"",""src/intro.h"":""797ed71bb54292ee5b29d4c0f9358da1c0918450f129ff8b2f2dc43d4121c289"",""src/midi.h"":""3acb2614ed1c5dffb9dee55ce46b0b4524aa22db3e1c12d94b08c900004ffd59"",""src/paddle.h"":""dec8129c794a61b1a08e2e1b555c9b696942996dcdf693d6f07c2293bae06b70"",""src/particles.c"":""32781a77d5d4fe1bd73178b1bf816830a9ccd967f6fa1aab14d033c8b0cfa74c"",""src/particles.h"":""b1d73d1a7a382fd75268f0c2ae1f897b107645d3bde769a714e5ae11808027cb"",""src/platform.h"":""4077286cbc4569ff68a3c0d8b84becad39991ba7c3d181fdb46c0c6058cc6b60"",""src/resources.h"":""cee2fdb3183b1658c9a8f570d5e1e296b326854f90cdd6796b2b8b01844334e0"",""src/round.h"":""b52043e2315f91cc610774969d8c9340c7225f625259ebe9f1a8eeb8c0479a31"",""src/runtime.h"":""d02d7b645f0a66bfb818c8992b5d78a6061dc3c506f1c0cce12e19d1b172b6c9"",""src/sound.h"":""b37ad31b1d7859b5588e8e96cb85ec88aed8401b789f1ebca211356f79058a02"",""src/startup.h"":""a28d24f95fad92000835368906944f476b6b22352459234c36ef6278a580da27"",""src/state_types.h"":""8ad676ca4d2a86a795dd0360d9d01cc9fbdf9a877303cd3ec7ba3508601206fb"",""src/trig.h"":""4b16c655b8afd194d11bcf014ad8b8aff65232939ede6238a43f7a47b4017208"",""src/ui.h"":""1104e36f7ced573ec48fd46abbcf80b32de9f9f311b727903220e779df45702b""}"
0x00414960,append-particle,src/particles.c,32781a77d5d4fe1bd73178b1bf816830a9ccd967f6fa1aab14d033c8b0cfa74c,b1d73d1a7a382fd75268f0c2ae1f897b107645d3bde769a714e5ae11808027cb,756da1ba09edce716d5bf8770320ca0d5ed4e525672b6bb605b9bdb4b88972ba,f097e736bb04d38391c8b524945d58809ec4c42e97c056eca6f40bba2de910c3,e26e43de6b1a7ed82401f4217d94f9b318f73c15470e2f4715ebd0df3d8d041d,0c52ffee7b349ac9d51226d1faa049109aec0e708663100357e109be0409dfeb,0,"{""src/balls.h"":""be4c871d2f211632cd56c8a47812b876c2cde4bdfcce1f2ee3a6394a79725713"",""src/board_storage.h"":""9bec921e6529f79ce9e55b0f8a1b66ecd995ca415fe59b7b57f51f092c5ff383"",""src/boards.h"":""9f770b43348f25141752bff9985b69d4d683bcb9e87453ebbad1e174fb279834"",""src/bonuses.h"":""c556fbc3585ef58fa328e3767805a07b78cebaea05d2a5aacbb9a5414230b939"",""src/core.h"":""487db4713d8953531d4d214000ab82b04d73e6683590dd487cb7535acd84f957"",""src/device.h"":""c5866c53353c76f628199b0ca6f0f1b845b924f3bb82859523eb8b58fef02229"",""src/display.h"":""7d22baf9d37a337ea74298f836bf8b3bef756d1d962ee908fb9bbc3d2200d869"",""src/editor.h"":""9d4060aee8079a5963c1976095df9f113c484c82eb433c73ad41a360a531d2eb"",""src/effects.h"":""3a3c8298b558e5ebbb500e2f1f009124936a57f1c0b1e236f0a44b1125e476cd"",""src/explosion_types.h"":""4b072cfebbc9d510b3b5cdb99807d8f47846135f3a52e9a344ca4ba6cd2e371c"",""src/gameover.h"":""e3cd15cb94b8eb8414595de5ff292a74d521a01ab3a2dc8b4ed5ec22343ad713"",""src/gameplay.h"":""2ff160958600d63172df2ac759d7dbd29afdd712d666e55075ca7330db76888d"",""src/geometry.h"":""7e72a4e0f91fdb7ee7907cb04c4a7e5ef574f5027473a022d08d5a94a155148c"",""src/intro.h"":""797ed71bb54292ee5b29d4c0f9358da1c0918450f129ff8b2f2dc43d4121c289"",""src/midi.h"":""3acb2614ed1c5dffb9dee55ce46b0b4524aa22db3e1c12d94b08c900004ffd59"",""src/paddle.h"":""dec8129c794a61b1a08e2e1b555c9b696942996dcdf693d6f07c2293bae06b70"",""src/particles.c"":""32781a77d5d4fe1bd73178b1bf816830a9ccd967f6fa1aab14d033c8b0cfa74c"",""src/particles.h"":""b1d73d1a7a382fd75268f0c2ae1f897b107645d3bde769a714e5ae11808027cb"",""src/platform.h"":""4077286cbc4569ff68a3c0d8b84becad39991ba7c3d181fdb46c0c6058cc6b60"",""src/resources.h"":""cee2fdb3183b1658c9a8f570d5e1e296b326854f90cdd6796b2b8b01844334e0"",""src/round.h"":""b52043e2315f91cc610774969d8c9340c7225f625259ebe9f1a8eeb8c0479a31"",""src/runtime.h"":""d02d7b645f0a66bfb818c8992b5d78a6061dc3c506f1c0cce12e19d1b172b6c9"",""src/sound.h"":""b37ad31b1d7859b5588e8e96cb85ec88aed8401b789f1ebca211356f79058a02"",""src/startup.h"":""a28d24f95fad92000835368906944f476b6b22352459234c36ef6278a580da27"",""src/state_types.h"":""8ad676ca4d2a86a795dd0360d9d01cc9fbdf9a877303cd3ec7ba3508601206fb"",""src/trig.h"":""4b16c655b8afd194d11bcf014ad8b8aff65232939ede6238a43f7a47b4017208"",""src/ui.h"":""1104e36f7ced573ec48fd46abbcf80b32de9f9f311b727903220e779df45702b""}"
0x00414A00,update-particles,src/particles.c,32781a77d5d4fe1bd73178b1bf816830a9ccd967f6fa1aab14d033c8b0cfa74c,b1d73d1a7a382fd75268f0c2ae1f897b107645d3bde769a714e5ae11808027cb,756da1ba09edce716d5bf8770320ca0d5ed4e525672b6bb605b9bdb4b88972ba,f097e736bb04d38391c8b524945d58809ec4c42e97c056eca6f40bba2de910c3,e26e43de6b1a7ed82401f4217d94f9b318f73c15470e2f4715ebd0df3d8d041d,0c52ffee7b349ac9d51226d1faa049109aec0e708663100357e109be0409dfeb,0,"{""src/balls.h"":""be4c871d2f211632cd56c8a47812b876c2cde4bdfcce1f2ee3a6394a79725713"",""src/board_storage.h"":""9bec921e6529f79ce9e55b0f8a1b66ecd995ca415fe59b7b57f51f092c5ff383"",""src/boards.h"":""9f770b43348f25141752bff9985b69d4d683bcb9e87453ebbad1e174fb279834"",""src/bonuses.h"":""c556fbc3585ef58fa328e3767805a07b78cebaea05d2a5aacbb9a5414230b939"",""src/core.h"":""487db4713d8953531d4d214000ab82b04d73e6683590dd487cb7535acd84f957"",""src/device.h"":""c5866c53353c76f628199b0ca6f0f1b845b924f3bb82859523eb8b58fef02229"",""src/display.h"":""7d22baf9d37a337ea74298f836bf8b3bef756d1d962ee908fb9bbc3d2200d869"",""src/editor.h"":""9d4060aee8079a5963c1976095df9f113c484c82eb433c73ad41a360a531d2eb"",""src/effects.h"":""3a3c8298b558e5ebbb500e2f1f009124936a57f1c0b1e236f0a44b1125e476cd"",""src/explosion_types.h"":""4b072cfebbc9d510b3b5cdb99807d8f47846135f3a52e9a344ca4ba6cd2e371c"",""src/gameover.h"":""e3cd15cb94b8eb8414595de5ff292a74d521a01ab3a2dc8b4ed5ec22343ad713"",""src/gameplay.h"":""2ff160958600d63172df2ac759d7dbd29afdd712d666e55075ca7330db76888d"",""src/geometry.h"":""7e72a4e0f91fdb7ee7907cb04c4a7e5ef574f5027473a022d08d5a94a155148c"",""src/intro.h"":""797ed71bb54292ee5b29d4c0f9358da1c0918450f129ff8b2f2dc43d4121c289"",""src/midi.h"":""3acb2614ed1c5dffb9dee55ce46b0b4524aa22db3e1c12d94b08c900004ffd59"",""src/paddle.h"":""dec8129c794a61b1a08e2e1b555c9b696942996dcdf693d6f07c2293bae06b70"",""src/particles.c"":""32781a77d5d4fe1bd73178b1bf816830a9ccd967f6fa1aab14d033c8b0cfa74c"",""src/particles.h"":""b1d73d1a7a382fd75268f0c2ae1f897b107645d3bde769a714e5ae11808027cb"",""src/platform.h"":""4077286cbc4569ff68a3c0d8b84becad39991ba7c3d181fdb46c0c6058cc6b60"",""src/resources.h"":""cee2fdb3183b1658c9a8f570d5e1e296b326854f90cdd6796b2b8b01844334e0"",""src/round.h"":""b52043e2315f91cc610774969d8c9340c7225f625259ebe9f1a8eeb8c0479a31"",""src/runtime.h"":""d02d7b645f0a66bfb818c8992b5d78a6061dc3c506f1c0cce12e19d1b172b6c9"",""src/sound.h"":""b37ad31b1d7859b5588e8e96cb85ec88aed8401b789f1ebca211356f79058a02"",""src/startup.h"":""a28d24f95fad92000835368906944f476b6b22352459234c36ef6278a580da27"",""src/state_types.h"":""8ad676ca4d2a86a795dd0360d9d01cc9fbdf9a877303cd3ec7ba3508601206fb"",""src/trig.h"":""4b16c655b8afd194d11bcf014ad8b8aff65232939ede6238a43f7a47b4017208"",""src/ui.h"":""1104e36f7ced573ec48fd46abbcf80b32de9f9f311b727903220e779df45702b""}"
0x00414C10,begin-particles,src/particles.c,32781a77d5d4fe1bd73178b1bf816830a9ccd967f6fa1aab14d033c8b0cfa74c,b1d73d1a7a382fd75268f0c2ae1f897b107645d3bde769a714e5ae11808027cb,756da1ba09edce716d5bf8770320ca0d5ed4e525672b6bb605b9bdb4b88972ba,f097e736bb04d38391c8b524945d58809ec4c42e97c056eca6f40bba2de910c3,e26e43de6b1a7ed82401f4217d94f9b318f73c15470e2f4715ebd0df3d8d041d,0c52ffee7b349ac9d51226d1faa049109aec0e708663100357e109be0409dfeb,0,"{""src/balls.h"":""be4c871d2f211632cd56c8a47812b876c2cde4bdfcce1f2ee3a6394a79725713"",""src/board_storage.h"":""9bec921e6529f79ce9e55b0f8a1b66ecd995ca415fe59b7b57f51f092c5ff383"",""src/boards.h"":""9f770b43348f25141752bff9985b69d4d683bcb9e87453ebbad1e174fb279834"",""src/bonuses.h"":""c556fbc3585ef58fa328e3767805a07b78cebaea05d2a5aacbb9a5414230b939"",""src/core.h"":""487db4713d8953531d4d214000ab82b04d73e6683590dd487cb7535acd84f957"",""src/device.h"":""c5866c53353c76f628199b0ca6f0f1b845b924f3bb82859523eb8b58fef02229"",""src/display.h"":""7d22baf9d37a337ea74298f836bf8b3bef756d1d962ee908fb9bbc3d2200d869"",""src/editor.h"":""9d4060aee8079a5963c1976095df9f113c484c82eb433c73ad41a360a531d2eb"",""src/effects.h"":""3a3c8298b558e5ebbb500e2f1f009124936a57f1c0b1e236f0a44b1125e476cd"",""src/explosion_types.h"":""4b072cfebbc9d510b3b5cdb99807d8f47846135f3a52e9a344ca4ba6cd2e371c"",""src/gameover.h"":""e3cd15cb94b8eb8414595de5ff292a74d521a01ab3a2dc8b4ed5ec22343ad713"",""src/gameplay.h"":""2ff160958600d63172df2ac759d7dbd29afdd712d666e55075ca7330db76888d"",""src/geometry.h"":""7e72a4e0f91fdb7ee7907cb04c4a7e5ef574f5027473a022d08d5a94a155148c"",""src/intro.h"":""797ed71bb54292ee5b29d4c0f9358da1c0918450f129ff8b2f2dc43d4121c289"",""src/midi.h"":""3acb2614ed1c5dffb9dee55ce46b0b4524aa22db3e1c12d94b08c900004ffd59"",""src/paddle.h"":""dec8129c794a61b1a08e2e1b555c9b696942996dcdf693d6f07c2293bae06b70"",""src/particles.c"":""32781a77d5d4fe1bd73178b1bf816830a9ccd967f6fa1aab14d033c8b0cfa74c"",""src/particles.h"":""b1d73d1a7a382fd75268f0c2ae1f897b107645d3bde769a714e5ae11808027cb"",""src/platform.h"":""4077286cbc4569ff68a3c0d8b84becad39991ba7c3d181fdb46c0c6058cc6b60"",""src/resources.h"":""cee2fdb3183b1658c9a8f570d5e1e296b326854f90cdd6796b2b8b01844334e0"",""src/round.h"":""b52043e2315f91cc610774969d8c9340c7225f625259ebe9f1a8eeb8c0479a31"",""src/runtime.h"":""d02d7b645f0a66bfb818c8992b5d78a6061dc3c506f1c0cce12e19d1b172b6c9"",""src/sound.h"":""b37ad31b1d7859b5588e8e96cb85ec88aed8401b789f1ebca211356f79058a02"",""src/startup.h"":""a28d24f95fad92000835368906944f476b6b22352459234c36ef6278a580da27"",""src/state_types.h"":""8ad676ca4d2a86a795dd0360d9d01cc9fbdf9a877303cd3ec7ba3508601206fb"",""src/trig.h"":""4b16c655b8afd194d11bcf014ad8b8aff65232939ede6238a43f7a47b4017208"",""src/ui.h"":""1104e36f7ced573ec48fd46abbcf80b32de9f9f311b727903220e779df45702b""}"
0x00414C50,advance-particle,src/particles.c,32781a77d5d4fe1bd73178b1bf816830a9ccd967f6fa1aab14d033c8b0cfa74c,b1d73d1a7a382fd75268f0c2ae1f897b107645d3bde769a714e5ae11808027cb,756da1ba09edce716d5bf8770320ca0d5ed4e525672b6bb605b9bdb4b88972ba,f097e736bb04d38391c8b524945d58809ec4c42e97c056eca6f40bba2de910c3,e26e43de6b1a7ed82401f4217d94f9b318f73c15470e2f4715ebd0df3d8d041d,0c52ffee7b349ac9d51226d1faa049109aec0e708663100357e109be0409dfeb,0,"{""src/balls.h"":""be4c871d2f211632cd56c8a47812b876c2cde4bdfcce1f2ee3a6394a79725713"",""src/board_storage.h"":""9bec921e6529f79ce9e55b0f8a1b66ecd995ca415fe59b7b57f51f092c5ff383"",""src/boards.h"":""9f770b43348f25141752bff9985b69d4d683bcb9e87453ebbad1e174fb279834"",""src/bonuses.h"":""c556fbc3585ef58fa328e3767805a07b78cebaea05d2a5aacbb9a5414230b939"",""src/core.h"":""487db4713d8953531d4d214000ab82b04d73e6683590dd487cb7535acd84f957"",""src/device.h"":""c5866c53353c76f628199b0ca6f0f1b845b924f3bb82859523eb8b58fef02229"",""src/display.h"":""7d22baf9d37a337ea74298f836bf8b3bef756d1d962ee908fb9bbc3d2200d869"",""src/editor.h"":""9d4060aee8079a5963c1976095df9f113c484c82eb433c73ad41a360a531d2eb"",""src/effects.h"":""3a3c8298b558e5ebbb500e2f1f009124936a57f1c0b1e236f0a44b1125e476cd"",""src/explosion_types.h"":""4b072cfebbc9d510b3b5cdb99807d8f47846135f3a52e9a344ca4ba6cd2e371c"",""src/gameover.h"":""e3cd15cb94b8eb8414595de5ff292a74d521a01ab3a2dc8b4ed5ec22343ad713"",""src/gameplay.h"":""2ff160958600d63172df2ac759d7dbd29afdd712d666e55075ca7330db76888d"",""src/geometry.h"":""7e72a4e0f91fdb7ee7907cb04c4a7e5ef574f5027473a022d08d5a94a155148c"",""src/intro.h"":""797ed71bb54292ee5b29d4c0f9358da1c0918450f129ff8b2f2dc43d4121c289"",""src/midi.h"":""3acb2614ed1c5dffb9dee55ce46b0b4524aa22db3e1c12d94b08c900004ffd59"",""src/paddle.h"":""dec8129c794a61b1a08e2e1b555c9b696942996dcdf693d6f07c2293bae06b70"",""src/particles.c"":""32781a77d5d4fe1bd73178b1bf816830a9ccd967f6fa1aab14d033c8b0cfa74c"",""src/particles.h"":""b1d73d1a7a382fd75268f0c2ae1f897b107645d3bde769a714e5ae11808027cb"",""src/platform.h"":""4077286cbc4569ff68a3c0d8b84becad39991ba7c3d181fdb46c0c6058cc6b60"",""src/resources.h"":""cee2fdb3183b1658c9a8f570d5e1e296b326854f90cdd6796b2b8b01844334e0"",""src/round.h"":""b52043e2315f91cc610774969d8c9340c7225f625259ebe9f1a8eeb8c0479a31"",""src/runtime.h"":""d02d7b645f0a66bfb818c8992b5d78a6061dc3c506f1c0cce12e19d1b172b6c9"",""src/sound.h"":""b37ad31b1d7859b5588e8e96cb85ec88aed8401b789f1ebca211356f79058a02"",""src/startup.h"":""a28d24f95fad92000835368906944f476b6b22352459234c36ef6278a580da27"",""src/state_types.h"":""8ad676ca4d2a86a795dd0360d9d01cc9fbdf9a877303cd3ec7ba3508601206fb"",""src/trig.h"":""4b16c655b8afd194d11bcf014ad8b8aff65232939ede6238a43f7a47b4017208"",""src/ui.h"":""1104e36f7ced573ec48fd46abbcf80b32de9f9f311b727903220e779df45702b""}"
0x00415070,clear-ball-list,src/balls.c,5268c8bd2d40bc190387c1a1d6da8a994fc96d367a125f57e013ff07a83a18bf,be4c871d2f211632cd56c8a47812b876c2cde4bdfcce1f2ee3a6394a79725713,756da1ba09edce716d5bf8770320ca0d5ed4e525672b6bb605b9bdb4b88972ba,f097e736bb04d38391c8b524945d58809ec4c42e97c056eca6f40bba2de910c3,7e921c0e8614ad545c56118f1562eaf3d6994fe797c360f245ba84f2c682951f,0c52ffee7b349ac9d51226d1faa049109aec0e708663100357e109be0409dfeb,0,"{""src/balls.c"":""5268c8bd2d40bc190387c1a1d6da8a994fc96d367a125f57e013ff07a83a18bf"",""src/balls.h"":""be4c871d2f211632cd56c8a47812b876c2cde4bdfcce1f2ee3a6394a79725713"",""src/board_storage.h"":""9bec921e6529f79ce9e55b0f8a1b66ecd995ca415fe59b7b57f51f092c5ff383"",""src/boards.h"":""9f770b43348f25141752bff9985b69d4d683bcb9e87453ebbad1e174fb279834"",""src/bonuses.h"":""c556fbc3585ef58fa328e3767805a07b78cebaea05d2a5aacbb9a5414230b939"",""src/core.h"":""487db4713d8953531d4d214000ab82b04d73e6683590dd487cb7535acd84f957"",""src/device.h"":""c5866c53353c76f628199b0ca6f0f1b845b924f3bb82859523eb8b58fef02229"",""src/display.h"":""7d22baf9d37a337ea74298f836bf8b3bef756d1d962ee908fb9bbc3d2200d869"",""src/editor.h"":""9d4060aee8079a5963c1976095df9f113c484c82eb433c73ad41a360a531d2eb"",""src/effects.h"":""3a3c8298b558e5ebbb500e2f1f009124936a57f1c0b1e236f0a44b1125e476cd"",""src/explosion_types.h"":""4b072cfebbc9d510b3b5cdb99807d8f47846135f3a52e9a344ca4ba6cd2e371c"",""src/gameover.h"":""e3cd15cb94b8eb8414595de5ff292a74d521a01ab3a2dc8b4ed5ec22343ad713"",""src/gameplay.h"":""2ff160958600d63172df2ac759d7dbd29afdd712d666e55075ca7330db76888d"",""src/geometry.h"":""7e72a4e0f91fdb7ee7907cb04c4a7e5ef574f5027473a022d08d5a94a155148c"",""src/intro.h"":""797ed71bb54292ee5b29d4c0f9358da1c0918450f129ff8b2f2dc43d4121c289"",""src/midi.h"":""3acb2614ed1c5dffb9dee55ce46b0b4524aa22db3e1c12d94b08c900004ffd59"",""src/paddle.h"":""dec8129c794a61b1a08e2e1b555c9b696942996dcdf693d6f07c2293bae06b70"",""src/particles.h"":""b1d73d1a7a382fd75268f0c2ae1f897b107645d3bde769a714e5ae11808027cb"",""src/platform.h"":""4077286cbc4569ff68a3c0d8b84becad39991ba7c3d181fdb46c0c6058cc6b60"",""src/resources.h"":""cee2fdb3183b1658c9a8f570d5e1e296b326854f90cdd6796b2b8b01844334e0"",""src/round.h"":""b52043e2315f91cc610774969d8c9340c7225f625259ebe9f1a8eeb8c0479a31"",""src/runtime.h"":""d02d7b645f0a66bfb818c8992b5d78a6061dc3c506f1c0cce12e19d1b172b6c9"",""src/sound.h"":""b37ad31b1d7859b5588e8e96cb85ec88aed8401b789f1ebca211356f79058a02"",""src/startup.h"":""a28d24f95fad92000835368906944f476b6b22352459234c36ef6278a580da27"",""src/state_types.h"":""8ad676ca4d2a86a795dd0360d9d01cc9fbdf9a877303cd3ec7ba3508601206fb"",""src/trig.h"":""4b16c655b8afd194d11bcf014ad8b8aff65232939ede6238a43f7a47b4017208"",""src/ui.h"":""1104e36f7ced573ec48fd46abbcf80b32de9f9f311b727903220e779df45702b""}"
0x004153E0,clear-explosion-list,src/gameplay.c,2001efa23059a3381e0b424370ca5540431fc9302623599b32595cc645d3e4fb,2ff160958600d63172df2ac759d7dbd29afdd712d666e55075ca7330db76888d,756da1ba09edce716d5bf8770320ca0d5ed4e525672b6bb605b9bdb4b88972ba,f097e736bb04d38391c8b524945d58809ec4c42e97c056eca6f40bba2de910c3,2c6c9b7d1afb94aa5f13584a719d219e311e986e42088bff2188b923e56f6218,0c52ffee7b349ac9d51226d1faa049109aec0e708663100357e109be0409dfeb,0,"{""src/allocator.h"":""1826cbf9b552a43c17e6446a72b6c87a4a08c1f3546dee3f5bfc8f16becbc137"",""src/balls.h"":""be4c871d2f211632cd56c8a47812b876c2cde4bdfcce1f2ee3a6394a79725713"",""src/board_storage.h"":""9bec921e6529f79ce9e55b0f8a1b66ecd995ca415fe59b7b57f51f092c5ff383"",""src/boards.h"":""9f770b43348f25141752bff9985b69d4d683bcb9e87453ebbad1e174fb279834"",""src/bonuses.h"":""c556fbc3585ef58fa328e3767805a07b78cebaea05d2a5aacbb9a5414230b939"",""src/core.h"":""487db4713d8953531d4d214000ab82b04d73e6683590dd487cb7535acd84f957"",""src/device.h"":""c5866c53353c76f628199b0ca6f0f1b845b924f3bb82859523eb8b58fef02229"",""src/display.h"":""7d22baf9d37a337ea74298f836bf8b3bef756d1d962ee908fb9bbc3d2200d869"",""src/editor.h"":""9d4060aee8079a5963c1976095df9f113c484c82eb433c73ad41a360a531d2eb"",""src/effects.h"":""3a3c8298b558e5ebbb500e2f1f009124936a57f1c0b1e236f0a44b1125e476cd"",""src/explosion_types.h"":""4b072cfebbc9d510b3b5cdb99807d8f47846135f3a52e9a344ca4ba6cd2e371c"",""src/gameover.h"":""e3cd15cb94b8eb8414595de5ff292a74d521a01ab3a2dc8b4ed5ec22343ad713"",""src/gameplay.c"":""2001efa23059a3381e0b424370ca5540431fc9302623599b32595cc645d3e4fb"",""src/gameplay.h"":""2ff160958600d63172df2ac759d7dbd29afdd712d666e55075ca7330db76888d"",""src/geometry.h"":""7e72a4e0f91fdb7ee7907cb04c4a7e5ef574f5027473a022d08d5a94a155148c"",""src/intro.h"":""797ed71bb54292ee5b29d4c0f9358da1c0918450f129ff8b2f2dc43d4121c289"",""src/midi.h"":""3acb2614ed1c5dffb9dee55ce46b0b4524aa22db3e1c12d94b08c900004ffd59"",""src/paddle.h"":""dec8129c794a61b1a08e2e1b555c9b696942996dcdf693d6f07c2293bae06b70"",""src/particles.h"":""b1d73d1a7a382fd75268f0c2ae1f897b107645d3bde769a714e5ae11808027cb"",""src/platform.h"":""4077286cbc4569ff68a3c0d8b84becad39991ba7c3d181fdb46c0c6058cc6b60"",""src/resources.h"":""cee2fdb3183b1658c9a8f570d5e1e296b326854f90cdd6796b2b8b01844334e0"",""src/round.h"":""b52043e2315f91cc610774969d8c9340c7225f625259ebe9f1a8eeb8c0479a31"",""src/runtime.h"":""d02d7b645f0a66bfb818c8992b5d78a6061dc3c506f1c0cce12e19d1b172b6c9"",""src/sound.h"":""b37ad31b1d7859b5588e8e96cb85ec88aed8401b789f1ebca211356f79058a02"",""src/startup.h"":""a28d24f95fad92000835368906944f476b6b22352459234c36ef6278a580da27"",""src/state_types.h"":""8ad676ca4d2a86a795dd0360d9d01cc9fbdf9a877303cd3ec7ba3508601206fb"",""src/trig.h"":""4b16c655b8afd194d11bcf014ad8b8aff65232939ede6238a43f7a47b4017208"",""src/ui.h"":""1104e36f7ced573ec48fd46abbcf80b32de9f9f311b727903220e779df45702b""}"
0x004155A0,scan-explosive-tiles,src/gameplay.c,2001efa23059a3381e0b424370ca5540431fc9302623599b32595cc645d3e4fb,2ff160958600d63172df2ac759d7dbd29afdd712d666e55075ca7330db76888d,756da1ba09edce716d5bf8770320ca0d5ed4e525672b6bb605b9bdb4b88972ba,f097e736bb04d38391c8b524945d58809ec4c42e97c056eca6f40bba2de910c3,2c6c9b7d1afb94aa5f13584a719d219e311e986e42088bff2188b923e56f6218,0c52ffee7b349ac9d51226d1faa049109aec0e708663100357e109be0409dfeb,0,"{""src/allocator.h"":""1826cbf9b552a43c17e6446a72b6c87a4a08c1f3546dee3f5bfc8f16becbc137"",""src/balls.h"":""be4c871d2f211632cd56c8a47812b876c2cde4bdfcce1f2ee3a6394a79725713"",""src/board_storage.h"":""9bec921e6529f79ce9e55b0f8a1b66ecd995ca415fe59b7b57f51f092c5ff383"",""src/boards.h"":""9f770b43348f25141752bff9985b69d4d683bcb9e87453ebbad1e174fb279834"",""src/bonuses.h"":""c556fbc3585ef58fa328e3767805a07b78cebaea05d2a5aacbb9a5414230b939"",""src/core.h"":""487db4713d8953531d4d214000ab82b04d73e6683590dd487cb7535acd84f957"",""src/device.h"":""c5866c53353c76f628199b0ca6f0f1b845b924f3bb82859523eb8b58fef02229"",""src/display.h"":""7d22baf9d37a337ea74298f836bf8b3bef756d1d962ee908fb9bbc3d2200d869"",""src/editor.h"":""9d4060aee8079a5963c1976095df9f113c484c82eb433c73ad41a360a531d2eb"",""src/effects.h"":""3a3c8298b558e5ebbb500e2f1f009124936a57f1c0b1e236f0a44b1125e476cd"",""src/explosion_types.h"":""4b072cfebbc9d510b3b5cdb99807d8f47846135f3a52e9a344ca4ba6cd2e371c"",""src/gameover.h"":""e3cd15cb94b8eb8414595de5ff292a74d521a01ab3a2dc8b4ed5ec22343ad713"",""src/gameplay.c"":""2001efa23059a3381e0b424370ca5540431fc9302623599b32595cc645d3e4fb"",""src/gameplay.h"":""2ff160958600d63172df2ac759d7dbd29afdd712d666e55075ca7330db76888d"",""src/geometry.h"":""7e72a4e0f91fdb7ee7907cb04c4a7e5ef574f5027473a022d08d5a94a155148c"",""src/intro.h"":""797ed71bb54292ee5b29d4c0f9358da1c0918450f129ff8b2f2dc43d4121c289"",""src/midi.h"":""3acb2614ed1c5dffb9dee55ce46b0b4524aa22db3e1c12d94b08c900004ffd59"",""src/paddle.h"":""dec8129c794a61b1a08e2e1b555c9b696942996dcdf693d6f07c2293bae06b70"",""src/particles.h"":""b1d73d1a7a382fd75268f0c2ae1f897b107645d3bde769a714e5ae11808027cb"",""src/platform.h"":""4077286cbc4569ff68a3c0d8b84becad39991ba7c3d181fdb46c0c6058cc6b60"",""src/resources.h"":""cee2fdb3183b1658c9a8f570d5e1e296b326854f90cdd6796b2b8b01844334e0"",""src/round.h"":""b52043e2315f91cc610774969d8c9340c7225f625259ebe9f1a8eeb8c0479a31"",""src/runtime.h"":""d02d7b645f0a66bfb818c8992b5d78a6061dc3c506f1c0cce12e19d1b172b6c9"",""src/sound.h"":""b37ad31b1d7859b5588e8e96cb85ec88aed8401b789f1ebca211356f79058a02"",""src/startup.h"":""a28d24f95fad92000835368906944f476b6b22352459234c36ef6278a580da27"",""src/state_types.h"":""8ad676ca4d2a86a795dd0360d9d01cc9fbdf9a877303cd3ec7ba3508601206fb"",""src/trig.h"":""4b16c655b8afd194d11bcf014ad8b8aff65232939ede6238a43f7a47b4017208"",""src/ui.h"":""1104e36f7ced573ec48fd46abbcf80b32de9f9f311b727903220e779df45702b""}"
0x00415820,release-attached-balls,src/balls.c,5268c8bd2d40bc190387c1a1d6da8a994fc96d367a125f57e013ff07a83a18bf,be4c871d2f211632cd56c8a47812b876c2cde4bdfcce1f2ee3a6394a79725713,756da1ba09edce716d5bf8770320ca0d5ed4e525672b6bb605b9bdb4b88972ba,f097e736bb04d38391c8b524945d58809ec4c42e97c056eca6f40bba2de910c3,7e921c0e8614ad545c56118f1562eaf3d6994fe797c360f245ba84f2c682951f,0c52ffee7b349ac9d51226d1faa049109aec0e708663100357e109be0409dfeb,0,"{""src/balls.c"":""5268c8bd2d40bc190387c1a1d6da8a994fc96d367a125f57e013ff07a83a18bf"",""src/balls.h"":""be4c871d2f211632cd56c8a47812b876c2cde4bdfcce1f2ee3a6394a79725713"",""src/board_storage.h"":""9bec921e6529f79ce9e55b0f8a1b66ecd995ca415fe59b7b57f51f092c5ff383"",""src/boards.h"":""9f770b43348f25141752bff9985b69d4d683bcb9e87453ebbad1e174fb279834"",""src/bonuses.h"":""c556fbc3585ef58fa328e3767805a07b78cebaea05d2a5aacbb9a5414230b939"",""src/core.h"":""487db4713d8953531d4d214000ab82b04d73e6683590dd487cb7535acd84f957"",""src/device.h"":""c5866c53353c76f628199b0ca6f0f1b845b924f3bb82859523eb8b58fef02229"",""src/display.h"":""7d22baf9d37a337ea74298f836bf8b3bef756d1d962ee908fb9bbc3d2200d869"",""src/editor.h"":""9d4060aee8079a5963c1976095df9f113c484c82eb433c73ad41a360a531d2eb"",""src/effects.h"":""3a3c8298b558e5ebbb500e2f1f009124936a57f1c0b1e236f0a44b1125e476cd"",""src/explosion_types.h"":""4b072cfebbc9d510b3b5cdb99807d8f47846135f3a52e9a344ca4ba6cd2e371c"",""src/gameover.h"":""e3cd15cb94b8eb8414595de5ff292a74d521a01ab3a2dc8b4ed5ec22343ad713"",""src/gameplay.h"":""2ff160958600d63172df2ac759d7dbd29afdd712d666e55075ca7330db76888d"",""src/geometry.h"":""7e72a4e0f91fdb7ee7907cb04c4a7e5ef574f5027473a022d08d5a94a155148c"",""src/intro.h"":""797ed71bb54292ee5b29d4c0f9358da1c0918450f129ff8b2f2dc43d4121c289"",""src/midi.h"":""3acb2614ed1c5dffb9dee55ce46b0b4524aa22db3e1c12d94b08c900004ffd59"",""src/paddle.h"":""dec8129c794a61b1a08e2e1b555c9b696942996dcdf693d6f07c2293bae06b70"",""src/particles.h"":""b1d73d1a7a382fd75268f0c2ae1f897b107645d3bde769a714e5ae11808027cb"",""src/platform.h"":""4077286cbc4569ff68a3c0d8b84becad39991ba7c3d181fdb46c0c6058cc6b60"",""src/resources.h"":""cee2fdb3183b1658c9a8f570d5e1e296b326854f90cdd6796b2b8b01844334e0"",""src/round.h"":""b52043e2315f91cc610774969d8c9340c7225f625259ebe9f1a8eeb8c0479a31"",""src/runtime.h"":""d02d7b645f0a66bfb818c8992b5d78a6061dc3c506f1c0cce12e19d1b172b6c9"",""src/sound.h"":""b37ad31b1d7859b5588e8e96cb85ec88aed8401b789f1ebca211356f79058a02"",""src/startup.h"":""a28d24f95fad92000835368906944f476b6b22352459234c36ef6278a580da27"",""src/state_types.h"":""8ad676ca4d2a86a795dd0360d9d01cc9fbdf9a877303cd3ec7ba3508601206fb"",""src/trig.h"":""4b16c655b8afd194d11bcf014ad8b8aff65232939ede6238a43f7a47b4017208"",""src/ui.h"":""1104e36f7ced573ec48fd46abbcf80b32de9f9f311b727903220e779df45702b""}"
